T (C),Phases vol%-AUSTENITE-50.0(C/s),Phases vol%-FERRITE-50.0(C/s),Phases vol%-MARTENSITE-50.0(C/s),Phases vol%-BAINITE-50.0(C/s),Density (g/(cm)^3)-BAINITE_PEARLITE-50.0(C/s),Density (g/(cm)^3)-AUSTENITE-50.0(C/s),Density (g/(cm)^3)-FERRITE-50.0(C/s),Density (g/(cm)^3)-MARTENSITE-50.0(C/s),Density (g/(cm)^3)-TOTAL-50.0(C/s),Molar volume (cm^3)-BAINITE_PEARLITE-50.0(C/s),Molar volume (cm^3)-AUSTENITE-50.0(C/s),Molar volume (cm^3)-FERRITE-50.0(C/s),Molar volume (cm^3)-MARTENSITE-50.0(C/s),Molar volume (cm^3)-TOTAL-50.0(C/s),Linear expansion (%)-  -50.0(C/s),Thermal conductivity (W/(m*K))-BAINITE_PEARLITE-50.0(C/s),Thermal conductivity (W/(m*K))-AUSTENITE-50.0(C/s),Thermal conductivity (W/(m*K))-FERRITE-50.0(C/s),Thermal conductivity (W/(m*K))-MARTENSITE-50.0(C/s),Thermal conductivity (W/(m*K))-TOTAL-50.0(C/s),Electrical resistivity (10e-6 Ohm*m)-BAINITE_PEARLITE-50.0(C/s),Electrical resistivity (10e-6 Ohm*m)-AUSTENITE-50.0(C/s),Electrical resistivity (10e-6 Ohm*m)-FERRITE-50.0(C/s),Electrical resistivity (10e-6 Ohm*m)-MARTENSITE-50.0(C/s),Electrical resistivity (10e-6 Ohm*m)-TOTAL-50.0(C/s),Electrical conductivity (10e6 1/(Ohm*m))-BAINITE_PEARLITE-50.0(C/s),Electrical conductivity (10e6 1/(Ohm*m))-AUSTENITE-50.0(C/s),Electrical conductivity (10e6 1/(Ohm*m))-FERRITE-50.0(C/s),Electrical conductivity (10e6 1/(Ohm*m))-MARTENSITE-50.0(C/s),Electrical conductivity (10e6 1/(Ohm*m))-TOTAL-50.0(C/s),Young's modulus (GPa)-BAINITE_PEARLITE-50.0(C/s),Young's modulus (GPa)-AUSTENITE-50.0(C/s),Young's modulus (GPa)-FERRITE-50.0(C/s),Young's modulus (GPa)-MARTENSITE-50.0(C/s),Young's modulus (GPa)-TOTAL-50.0(C/s),Bulk modulus (GPa)-BAINITE_PEARLITE-50.0(C/s),Bulk modulus (GPa)-AUSTENITE-50.0(C/s),Bulk modulus (GPa)-FERRITE-50.0(C/s),Bulk modulus (GPa)-MARTENSITE-50.0(C/s),Bulk modulus (GPa)-TOTAL-50.0(C/s),Shear modulus(GPa)-BAINITE_PEARLITE-50.0(C/s),Shear modulus(GPa)-AUSTENITE-50.0(C/s),Shear modulus(GPa)-FERRITE-50.0(C/s),Shear modulus(GPa)-MARTENSITE-50.0(C/s),Shear modulus(GPa)-TOTAL-50.0(C/s),Poisson's ratio-BAINITE_PEARLITE-50.0(C/s),Poisson's ratio-AUSTENITE-50.0(C/s),Poisson's ratio-FERRITE-50.0(C/s),Poisson's ratio-MARTENSITE-50.0(C/s),Poisson's ratio-TOTAL-50.0(C/s),Yield Stress (MPa)-TOTAL-50.0(C/s),Yield Stress (MPa)-FERRITE-50.0(C/s),Yield Stress (MPa)-BAINITE-50.0(C/s),Yield Stress (MPa)-MARTENSITE-50.0(C/s),Yield Stress (MPa)-AUSTENITE-50.0(C/s),Tensile Stress (MPa)-TOTAL-50.0(C/s),Hardness (HRC)-TOTAL-50.0(C/s),Enthalpy (J/g)-TOTAL-50.0(C/s),Enthalpy (J/g)-AUSTENITE-50.0(C/s),Enthalpy (J/g)-FERRITE-50.0(C/s),Enthalpy (J/g)-BAINITE_PEARLITE-50.0(C/s),Enthalpy (J/g)-MARTENSITE-50.0(C/s),Specific heat (J/(g K))-TOTAL-50.0(C/s),Specific heat (J/(g K))-AUSTENITE-50.0(C/s),Specific heat (J/(g K))-FERRITE-50.0(C/s),Specific heat (J/(g K))-BAINITE_PEARLITE-50.0(C/s),Specific heat (J/(g K))-MARTENSITE-50.0(C/s),Latent heat (J/g)-FERRITE-50.0(C/s),Latent heat (J/g)-BAINITE_PEARLITE-50.0(C/s),Latent heat (J/g)-MARTENSITE-50.0(C/s),TIME(s)-Cooling_50.0(C/s)
920,100, , , , ,7.58565, , ,7.58565, ,7.29254, , ,7.29254,0, ,27.75919, , ,27.75919, ,1.05306, , ,1.05306, ,0.94961, , ,0.94961, ,115.11867, , ,115.11867, ,125.08894, , ,125.08894, ,42.74364, , ,42.74364, ,0.34662, , ,0.34662,84.4616, , , ,84.4616,114.909,-98.68728,619.74727,619.74727, ,607.62608, ,0.61128,0.61128, ,0.78679, , , , ,0
915,100, , , , ,7.58836, , ,7.58836, ,7.28993, , ,7.28993,-0.0119108, ,27.69907, , ,27.69907, ,1.05093, , ,1.05093, ,0.95154, , ,0.95154, ,115.61403, , ,115.61403, ,125.38592, , ,125.38592, ,42.93698, , ,42.93698, ,0.34632, , ,0.34632,84.5628, , , ,84.5628,115.495,-98.34975,616.67973,616.68012, ,603.69036, ,0.61351,0.61176, ,0.78703, , ,12.98976,1.27107,0.1
910,100, , , , ,7.59107, , ,7.59107, ,7.28733, , ,7.28733,-0.0238215, ,27.63904, , ,27.63904, ,1.04878, , ,1.04878, ,0.95349, , ,0.95349, ,116.10908, , ,116.10908, ,125.68158, , ,125.68158, ,43.13028, , ,43.13028, ,0.34603, , ,0.34603,84.6631, , , ,84.6631,116.08,-98.01474,613.62029,613.62067, ,599.75423, ,0.61189,0.61125, ,0.78726, , ,13.86644,1.87144,0.2
905,100, , , , ,7.59379, , ,7.59379, ,7.28472, , ,7.28472,-0.0357247, ,27.57901, , ,27.57901, ,1.04662, , ,1.04662, ,0.95546, , ,0.95546, ,116.6038, , ,116.6038, ,125.97574, , ,125.97574, ,43.32354, , ,43.32354, ,0.34573, , ,0.34573,84.7642, , , ,84.7642,116.667,-97.68125,610.56475,610.56514, ,595.81686, ,0.61111,0.61058, ,0.78761, , ,14.74828,2.48559,0.3
900,100, , , , ,7.5965, , ,7.5965, ,7.28212, , ,7.28212,-0.0476233, ,27.51898, , ,27.51898, ,1.04445, , ,1.04445, ,0.95744, , ,0.95744, ,117.09819, , ,117.09819, ,126.26841, , ,126.26841, ,43.51677, , ,43.51677, ,0.34544, , ,0.34544,84.8664, , , ,84.8664,117.255,-97.34889,607.51309,607.51348, ,591.87744, ,0.61033,0.60985, ,0.78813, , ,15.63604,3.11398,0.4
895,100, , , , ,7.59922, , ,7.59922, ,7.27952, , ,7.27952,-0.0595182, ,27.45895, , ,27.45895, ,1.04227, , ,1.04227, ,0.95944, , ,0.95944, ,117.59225, , ,117.59225, ,126.55961, , ,126.55961, ,43.70996, , ,43.70996, ,0.34514, , ,0.34514,84.9695, , , ,84.9695,117.845,-97.01784,604.46531,604.46569, ,587.93512, ,0.60956,0.6091, ,0.7888, , ,16.53057,3.75721,0.5
890,100, , , , ,7.60193, , ,7.60193, ,7.27691, , ,7.27691,-0.0714102, ,27.39891, , ,27.39891, ,1.04008, , ,1.04008, ,0.96146, , ,0.96146, ,118.08597, , ,118.08597, ,126.84934, , ,126.84934, ,43.90311, , ,43.90311, ,0.34485, , ,0.34485,85.0736, , , ,85.0736,118.436,-96.68791,601.42139,601.42178, ,583.98902, ,0.60878,0.60835, ,0.78966, , ,17.43276,4.41587,0.6
885,100, , , , ,7.60465, , ,7.60465, ,7.27431, , ,7.27431,-0.0832994, ,27.33888, , ,27.33888, ,1.03789, , ,1.03789, ,0.9635, , ,0.9635, ,118.57937, , ,118.57937, ,127.13762, , ,127.13762, ,44.09622, , ,44.09622, ,0.34455, , ,0.34455,85.1788, , , ,85.1788,119.029,-96.35927,598.38134,598.38172, ,580.0382, ,0.60801,0.60758, ,0.79036, , ,18.34352,5.09057,0.7
880,100, , , , ,7.60737, , ,7.60737, ,7.27171, , ,7.27171,-0.0951852, ,27.27885, , ,27.27885, ,1.03568, , ,1.03568, ,0.96555, , ,0.96555, ,119.07244, , ,119.07244, ,127.42446, , ,127.42446, ,44.2893, , ,44.2893, ,0.34426, , ,0.34426,85.2849, , , ,85.2849,119.623,-96.03192,595.34516,595.34554, ,576.08175, ,0.60724,0.60684, ,0.79158, , ,19.26379,5.78202,0.8
875,100, , , , ,7.61009, , ,7.61009, ,7.26911, , ,7.26911,-0.10707, ,27.21881, , ,27.21881, ,1.03346, , ,1.03346, ,0.96762, , ,0.96762, ,119.56518, , ,119.56518, ,127.70985, , ,127.70985, ,44.48234, , ,44.48234, ,0.34396, , ,0.34396,85.3921, , , ,85.3921,120.219,-95.70567,592.31284,592.31322, ,572.11866, ,0.60646,0.60607, ,0.79299, , ,20.19456,6.4909,0.9
870,100, , , , ,7.61281, , ,7.61281, ,7.26651, , ,7.26651,-0.11895, ,27.15878, , ,27.15878, ,1.03124, , ,1.03124, ,0.96971, , ,0.96971, ,120.05759, , ,120.05759, ,127.99382, , ,127.99382, ,44.67534, , ,44.67534, ,0.34367, , ,0.34367,85.5004, , , ,85.5004,120.816,-95.38069,589.28439,589.28476, ,568.14788, ,0.60569,0.6053, ,0.79461, , ,21.13688,7.21799,1
865,100, , , , ,7.61554, , ,7.61554, ,7.26392, , ,7.26392,-0.13083, ,27.09874, , ,27.09874, ,1.029, , ,1.029, ,0.97181, , ,0.97181, ,120.54967, , ,120.54967, ,128.27637, , ,128.27637, ,44.8683, , ,44.8683, ,0.34337, , ,0.34337,85.6098, , , ,85.6098,121.415,-95.05697,586.25979,586.26016, ,564.16833, ,0.60492,0.60453, ,0.79648, , ,22.09183,7.96408,1.1
860,100, , , , ,7.61826, , ,7.61826, ,7.26132, , ,7.26132,-0.1427, ,27.03871, , ,27.03871, ,1.02676, , ,1.02676, ,0.97394, , ,0.97394, ,121.04143, , ,121.04143, ,128.55751, , ,128.55751, ,45.06122, , ,45.06122, ,0.34308, , ,0.34308,85.7202, , , ,85.7202,122.015,-94.73433,583.23905,583.23942, ,560.17888, ,0.60415,0.60375, ,0.79874, , ,23.06054,8.73005,1.2
855,100, , , , ,7.62099, , ,7.62099, ,7.25872, , ,7.25872,-0.15458, ,26.97867, , ,26.97867, ,1.0245, , ,1.0245, ,0.97608, , ,0.97608, ,121.53285, , ,121.53285, ,128.83725, , ,128.83725, ,45.25411, , ,45.25411, ,0.34278, , ,0.34278,85.8318, , , ,85.8318,122.616,-94.41293,580.22217,580.22254, ,556.1783, ,0.60338,0.60298, ,0.80106, , ,24.04424,9.5168,1.3
850,100, , , , ,7.62372, , ,7.62372, ,7.25612, , ,7.25612,-0.16645, ,26.91863, , ,26.91863, ,1.02224, , ,1.02224, ,0.97825, , ,0.97825, ,122.02395, , ,122.02395, ,129.11559, , ,129.11559, ,45.44696, , ,45.44696, ,0.34249, , ,0.34249,85.9445, , , ,85.9445,123.219,-94.09278,577.20915,577.20951, ,552.16533, ,0.6026,0.60221, ,0.80368, , ,25.04418,10.32532,1.4
845,100, , , , ,7.62645, , ,7.62645, ,7.25353, , ,7.25353,-0.17832, ,26.8586, , ,26.8586, ,1.01996, , ,1.01996, ,0.98043, , ,0.98043, ,122.51472, , ,122.51472, ,129.39254, , ,129.39254, ,45.63977, , ,45.63977, ,0.34219, , ,0.34219,86.0583, , , ,86.0583,123.823,-93.77368,574.19999,574.20035, ,548.13862, ,0.60183,0.60144, ,0.80657, , ,26.06173,11.15668,1.5
840,100, , , , ,7.62918, , ,7.62918, ,7.25093, , ,7.25093,-0.19018, ,26.79856, , ,26.79856, ,1.01767, , ,1.01767, ,0.98263, , ,0.98263, ,123.00516, , ,123.00516, ,129.66811, , ,129.66811, ,45.83255, , ,45.83255, ,0.3419, , ,0.3419,86.1733, , , ,86.1733,124.429,-93.45581,571.19469,571.19505, ,544.09676, ,0.60106,0.60067, ,0.80976, , ,27.09829,12.01201,1.6
835,100, , , , ,7.63191, , ,7.63191, ,7.24833, , ,7.24833,-0.20205, ,26.73852, , ,26.73852, ,1.01538, , ,1.01538, ,0.98486, , ,0.98486, ,123.49527, , ,123.49527, ,129.94231, , ,129.94231, ,46.02528, , ,46.02528, ,0.3416, , ,0.3416,86.2895, , , ,86.2895,125.036,-93.13898,568.19324,568.1936, ,540.03822, ,0.60029,0.5999, ,0.81325, , ,28.15538,12.89249,1.7
830,100, , , , ,7.63464, , ,7.63464, ,7.24574, , ,7.24574,-0.21391, ,26.67848, , ,26.67848, ,1.01307, , ,1.01307, ,0.9871, , ,0.9871, ,123.98505, , ,123.98505, ,130.21514, , ,130.21514, ,46.21798, , ,46.21798, ,0.34131, , ,0.34131,86.4069, , , ,86.4069,125.644,-92.82354,565.19566,565.19602, ,535.9614, ,0.59952,0.59912, ,0.81709, , ,29.23462,13.79947,1.8
825,100, , , , ,7.63738, , ,7.63738, ,7.24314, , ,7.24314,-0.22577, ,26.61844, , ,26.61844, ,1.01075, , ,1.01075, ,0.98936, , ,0.98936, ,124.4745, , ,124.4745, ,130.48662, , ,130.48662, ,46.41064, , ,46.41064, ,0.34101, , ,0.34101,86.5254, , , ,86.5254,126.253,-92.50895,562.20193,562.20229, ,531.86457, ,0.59875,0.59835, ,0.82128, , ,30.33772,14.73432,1.9
820,100, , , , ,7.64011, , ,7.64011, ,7.24055, , ,7.24055,-0.23763, ,26.55841, , ,26.55841, ,1.00843, , ,1.00843, ,0.99164, , ,0.99164, ,124.96363, , ,124.96363, ,130.75675, , ,130.75675, ,46.60327, , ,46.60327, ,0.34072, , ,0.34072,86.6453, , , ,86.6453,126.864,-92.19573,559.21206,559.21242, ,527.74587, ,0.59797,0.59758, ,0.82585, , ,31.46655,15.69858,2
815,100, , , , ,7.64285, , ,7.64285, ,7.23796, , ,7.23796,-0.24949, ,26.49837, , ,26.49837, ,1.00609, , ,1.00609, ,0.99395, , ,0.99395, ,125.45242, , ,125.45242, ,131.02554, , ,131.02554, ,46.79585, , ,46.79585, ,0.34042, , ,0.34042,86.7663, , , ,86.7663,127.475,-91.88335,556.22605,556.22641, ,523.60334, ,0.5972,0.59681, ,0.83084, , ,32.62307,16.69388,2.1
810,100, , , , ,7.64559, , ,7.64559, ,7.23536, , ,7.23536,-0.26134, ,26.43833, , ,26.43833, ,1.00374, , ,1.00374, ,0.99628, , ,0.99628, ,125.94089, , ,125.94089, ,131.29299, , ,131.29299, ,46.9884, , ,46.9884, ,0.34013, , ,0.34013,86.8887, , , ,86.8887,128.088,-91.57233,553.2439,553.24425, ,519.43483, ,0.59643,0.59604, ,0.83627, ,33.13419,33.80942,17.722,2.2
805,100, , , , ,7.64833, , ,7.64833, ,7.23277, , ,7.23277,-0.27319, ,26.37829, , ,26.37829, ,1.00138, , ,1.00138, ,0.99862, , ,0.99862, ,126.42903, , ,126.42903, ,131.55911, , ,131.55911, ,47.18091, , ,47.18091, ,0.33983, , ,0.33983,87.0123, , , ,87.0123,128.702,-91.26232,550.26561,550.26596, ,515.23804, ,0.59566,0.59527, ,0.84217, ,34.23478,35.02792,18.78487,2.3
800,100, , , , ,7.65107, , ,7.65107, ,7.23018, , ,7.23018,-0.28504, ,26.31824, , ,26.31824, ,0.99901, , ,0.99901, ,1.00099, , ,1.00099, ,126.91684, , ,126.91684, ,131.82392, , ,131.82392, ,47.37338, , ,47.37338, ,0.33954, , ,0.33954,87.1373, , , ,87.1373,129.318,-90.95329,547.29117,547.29152, ,511.0105, ,0.59489,0.59449, ,0.8486, ,35.35736,36.28102,19.88456,2.4
795,100, , , , ,7.65382, , ,7.65382, ,7.22759, , ,7.22759,-0.29689, ,26.2582, , ,26.2582, ,0.99663, , ,0.99663, ,1.00338, , ,1.00338, ,127.40432, , ,127.40432, ,132.08741, , ,132.08741, ,47.56582, , ,47.56582, ,0.33924, , ,0.33924,87.2635, , , ,87.2636,129.934,-90.64561,544.32005,544.32094, ,506.7495, ,0.59422,0.59372, ,0.85559, ,36.521,37.57144,21.02338,2.5
790,100, , , , ,7.65656, , ,7.65656, ,7.22499, , ,7.22499,-0.30873, ,26.19816, , ,26.19816, ,0.99424, , ,0.99424, ,1.0058, , ,1.0058, ,127.89147, , ,127.89147, ,132.3496, , ,132.3496, ,47.75821, , ,47.75821, ,0.33895, , ,0.33895,87.3911, , , ,87.3912,130.552,-90.33891,541.35279,541.35422, ,502.45211, ,0.59345,0.59295, ,0.86319, ,37.73171,38.90211,22.20378,2.6
785,100, , , , ,7.65931, , ,7.65931, ,7.2224, , ,7.2224,-0.32057, ,26.13812, , ,26.13812, ,0.99183, , ,0.99183, ,1.00823, , ,1.00823, ,128.3783, , ,128.3783, ,132.61049, , ,132.61049, ,47.95057, , ,47.95057, ,0.33865, , ,0.33865,87.5201, , , ,87.5205,131.171,-90.03301,538.38888,538.3914, ,498.11515, ,0.59278,0.59218, ,0.87146, ,38.99368,40.27625,23.42852,2.7
780,100, , , , ,7.66206, , ,7.66206, ,7.21981, , ,7.21981,-0.33242, ,26.07808, , ,26.07808, ,0.98942, , ,0.98942, ,1.01069, , ,1.01069, ,128.86479, , ,128.86479, ,132.87008, , ,132.87008, ,48.14289, , ,48.14289, ,0.33836, , ,0.33836,87.6504, , , ,87.6509,131.79,-89.72844,535.42882,535.43239, ,493.73513, ,0.59201,0.59141, ,0.88046, ,40.31053,41.69726,24.70048,2.8
775,100, , , , ,7.66481, , ,7.66481, ,7.21722, , ,7.21722,-0.34425, ,26.01803, , ,26.01803, ,0.987, , ,0.987, ,1.01318, , ,1.01318, ,129.35097, , ,129.35097, ,133.1284, , ,133.1284, ,48.33518, , ,48.33518, ,0.33806, , ,0.33806,87.7821, , , ,87.783,132.411,-89.425,532.47159,532.47729, ,489.30824, ,0.59145,0.59064, ,0.89025, ,41.68656,43.16905,26.02298,2.9
770,100, , , , ,7.66756, , ,7.66756, ,7.21463, , ,7.21463,-0.35609, ,25.95799, , ,25.95799, ,0.98456, , ,0.98456, ,1.01568, , ,1.01568, ,129.83681, , ,129.83681, ,133.38544, , ,133.38544, ,48.52742, , ,48.52742, ,0.33777, , ,0.33777,87.9151, , , ,87.9165,133.033,-89.12251,529.51771,529.52604, ,484.83029, ,0.59078,0.58986, ,0.90073, ,43.12599,44.69575,27.39954,3
765,100, , , , ,7.67031, , ,7.67031, ,7.21204, , ,7.21204,-0.36793, ,25.89794, , ,25.89794, ,0.98211, , ,0.98211, ,1.01821, , ,1.01821, ,130.32233, , ,130.32233, ,133.6412, , ,133.6412, ,48.71963, , ,48.71963, ,0.33747, , ,0.33747,88.0496, , , ,88.0514,133.656,-88.82116,526.56719,526.57866, ,480.29672, ,0.5901,0.58909, ,0.91237, ,44.63365,46.28194,28.83407,3.1
760,100, , , , ,7.67306, , ,7.67306, ,7.20946, , ,7.20946,-0.37976, ,25.8379, , ,25.8379, ,0.97965, , ,0.97965, ,1.02077, , ,1.02077, ,130.80752, , ,130.80752, ,133.89571, , ,133.89571, ,48.91181, , ,48.91181, ,0.33718, , ,0.33718,88.1856, , , ,88.1881,134.279,-88.52075,523.61954,523.63517, ,475.70245, ,0.58953,0.58832, ,0.92507, ,46.21482,47.93272,30.33092,3.2
755,100, , , , ,7.67582, , ,7.67582, ,7.20687, , ,7.20687,-0.39159, ,25.77785, , ,25.77785, ,0.97718, , ,0.97718, ,1.02335, , ,1.02335, ,131.29238, , ,131.29238, ,134.14896, , ,134.14896, ,49.10394, , ,49.10394, ,0.33688, , ,0.33688,88.3229, , , ,88.3263,134.904,-88.22145,520.67476,520.69554, ,471.04189, ,0.58896,0.58755, ,0.93895, ,48.16477,49.65365,31.89479,3.3
750,100, , , , ,7.67858, , ,7.67858, ,7.20428, , ,7.20428,-0.40342, ,25.71781, , ,25.71781, ,0.9747, , ,0.9747, ,1.02596, , ,1.02596, ,131.77692, , ,131.77692, ,134.40096, , ,134.40096, ,49.29604, , ,49.29604, ,0.33659, , ,0.33659,88.4614, , , ,88.466,135.529,-87.92326,517.73182,517.75978, ,465.85524, ,0.58859,0.58678, ,1.0795, ,50.52262,51.90454,33.53093,3.4
745,100, , , , ,7.68133, , ,7.68133, ,7.20169, , ,7.20169,-0.41525, ,25.65776, , ,25.65776, ,0.97221, , ,0.97221, ,1.02859, , ,1.02859, ,132.26113, , ,132.26113, ,134.65172, , ,134.65172, ,49.4881, , ,49.4881, ,0.33629, , ,0.33629,88.6014, , , ,88.6076,136.156,-87.62616,514.79182,514.82791, ,460.49321, ,0.588,0.586, ,1.06466, ,52.8115,54.3347,35.69366,3.5
740,100, , , , ,7.68409, , ,7.68409, ,7.1991, , ,7.1991,-0.42708, ,25.59771, , ,25.59771, ,0.9697, , ,0.9697, ,1.03124, , ,1.03124, ,132.74502, , ,132.74502, ,134.90125, , ,134.90125, ,49.68012, , ,49.68012, ,0.336, , ,0.336,88.743, , , ,88.7509,136.783,-87.33016,511.85375,511.89995, ,455.20402, ,0.58761,0.58523, ,1.05036, ,55.03501,56.69593,38.04063,3.6
735,99.98842,0.0115829, , , ,7.68686,7.6015, ,7.68685, ,7.19652,7.33031, ,7.19653,-0.43883, ,25.53766,31.91441, ,25.53828, ,0.96719,0.77393, ,0.96716, ,1.03393,1.2921, ,1.03395, ,133.22858,137.689, ,133.2293, ,135.14955,126.24703, ,135.14861, ,49.87211,52.22503, ,49.87245, ,0.3357,0.31823, ,0.3357,88.8975,101.809, , ,88.896,137.428,-87.02628,508.96834,508.97589,447.0228,449.98491, ,0.57708,0.58446,1.02538,1.0366, ,57.19648,58.99098,40.32213,3.7
730,99.98534,0.01466, , , ,7.68962,7.60345, ,7.68961, ,7.19393,7.32843, ,7.19395,-0.45064, ,25.47761,32.00002, ,25.47841, ,0.96466,0.76804, ,0.96463, ,1.03664,1.30202, ,1.03667, ,133.71182,138.45194, ,133.71277, ,135.39662,126.80899, ,135.39549, ,50.06406,52.52227, ,50.06451, ,0.33541,0.31803, ,0.3354,89.0449,101.963, , ,89.043,138.061,-86.73,506.04609,506.05573,441.92759,444.83326, ,0.58445,0.58369,1.01253,1.02335, ,59.29887,61.22247,42.54061,3.8
725,99.9816,0.018402, , , ,7.69238,7.60541, ,7.69237, ,7.19134,7.32655, ,7.19137,-0.46244, ,25.41756,32.08732, ,25.41859, ,0.96212,0.76213, ,0.96208, ,1.03937,1.31211, ,1.03942, ,134.19474,139.21323, ,134.19598, ,135.64249,127.36822, ,135.64112, ,50.25598,52.81897, ,50.25656, ,0.33511,0.31783, ,0.33511,89.1942,102.119, , ,89.1919,138.696,-86.43448,503.12694,503.13947,436.89555,439.74656, ,0.58383,0.58291,1.00011,1.01059, ,61.34497,63.39291,44.69839,3.9
720,99.97707,0.022933, , , ,7.69515,7.60735, ,7.69513, ,7.18876,7.32467, ,7.18879,-0.47423, ,25.35751,32.17627, ,25.35881, ,0.95956,0.75621, ,0.95952, ,1.04214,1.32238, ,1.04219, ,134.67734,139.9728, ,134.67895, ,135.88714,127.92468, ,135.88552, ,50.44786,53.11511, ,50.44861, ,0.33482,0.31764, ,0.33481,89.3458,102.277, , ,89.3429,139.332,-86.1394,500.21142,500.22716,431.92454,434.72246, ,0.5831,0.58214,0.98812,0.99829, ,63.33737,65.5047,46.79773,4
715,99.9716,0.0283965, , , ,7.69791,7.6093, ,7.69789, ,7.18617,7.3228, ,7.18621,-0.48602, ,25.29745,32.26687, ,25.29909, ,0.957,0.7503, ,0.95694, ,1.04493,1.33281, ,1.045, ,135.15962,140.73062, ,135.16168, ,136.1306,128.47833, ,136.12868, ,50.63971,53.41067, ,50.64066, ,0.33452,0.31744, ,0.33452,89.4994,102.436, , ,89.4958,139.97,-85.84507,497.29858,497.31875,427.01252,429.97043, ,0.58257,0.58137,0.97652,0.96428, ,65.27834,67.34832,48.84071,4.1
710,99.96504,0.0349559, , , ,7.70068,7.61124, ,7.70065, ,7.18358,7.32093, ,7.18363,-0.4978, ,25.2374,32.35908, ,25.23945, ,0.95442,0.74437, ,0.95435, ,1.04775,1.34342, ,1.04784, ,135.64159,141.48662, ,135.64421, ,136.37286,129.02913, ,136.37062, ,50.83152,53.70563, ,50.83273, ,0.33423,0.31724, ,0.33422,89.6556,102.597, , ,89.6511,140.61,-85.55085,494.38909,494.41433,422.15754,425.17548, ,0.5819,0.58059,0.96531,0.95354, ,67.17016,69.23885,50.82941,4.2
705,99.9572,0.0427961, , , ,7.70345,7.61318, ,7.70341, ,7.181,7.31907, ,7.18106,-0.50957, ,25.17734,32.45288, ,25.1799, ,0.95183,0.73845, ,0.95174, ,1.0506,1.3542, ,1.05071, ,136.12323,142.24077, ,136.12656, ,136.61394,129.57706, ,136.61134, ,51.0233,53.99998, ,51.02483, ,0.33393,0.31704, ,0.33392,89.8139,102.76, , ,89.8085,141.252,-85.2574,491.48214,491.51381,417.35775,420.4334, ,0.58139,0.57982,0.95445,0.94314, ,69.01471,71.08041,52.76566,4.3
700,99.94788,0.0521233, , , ,7.70622,7.61512, ,7.70617, ,7.17841,7.31721, ,7.17848,-0.52133, ,25.11728,32.54826, ,25.12045, ,0.94923,0.73252, ,0.94911, ,1.05348,1.36515, ,1.05361, ,136.60457,142.99302, ,136.60876, ,136.85384,130.12207, ,136.85084, ,51.21505,54.29368, ,51.21696, ,0.33364,0.31685, ,0.33363,89.9751,102.925, , ,89.9684,141.896,-84.9639,488.57815,488.61736,412.61138,415.7425, ,0.5808,0.57905,0.94394,0.93307, ,70.81408,72.87486,54.65147,4.4
695,99.93189,0.0681133, , , ,7.70899,7.61705, ,7.70893, ,7.17582,7.31535, ,7.17592,-0.53306, ,25.05722,32.64518, ,25.06143, ,0.94662,0.72659, ,0.94646, ,1.05639,1.37629, ,1.05657, ,137.08565,143.7433, ,137.0913, ,137.09259,130.66413, ,137.08889, ,51.40679,54.58674, ,51.40935, ,0.33334,0.31665, ,0.33333,90.1416,103.092, , ,90.1329,142.547,-84.66859,485.67273,485.72525,407.91675,411.10118, ,0.58108,0.57827,0.93376,0.92331, ,72.5704,74.62407,56.48884,4.5
690,99.91463,0.0853695, , , ,7.71176,7.61898, ,7.71168, ,7.17324,7.3135, ,7.17335,-0.54477, ,24.99715,32.74362, ,25.00252, ,0.94399,0.72066, ,0.94379, ,1.05933,1.38761, ,1.05956, ,137.56641,144.49158, ,137.57371, ,137.33017,131.2032, ,137.3258, ,51.5985,54.87912, ,51.60178, ,0.33305,0.31645, ,0.33303,90.3105,103.261, , ,90.2997,143.2,-84.37359,482.76994,482.83708,403.27223,406.5079, ,0.58056,0.5775,0.9239,0.91385, ,74.28474,76.32918,58.27903,4.6
685,99.89602,0.10398, , , ,7.71454,7.62091, ,7.71444, ,7.17065,7.31165, ,7.17079,-0.55648, ,24.93709,32.84356, ,24.94373, ,0.94136,0.71474, ,0.94111, ,1.0623,1.39911, ,1.06258, ,138.04685,145.2378, ,138.056, ,137.56658,131.73925, ,137.56159, ,51.79017,55.17081, ,51.79427, ,0.33275,0.31626, ,0.33273,90.482,103.433, , ,90.4688,143.855,-84.07905,479.86909,479.95286,398.6763,401.96122, ,0.58017,0.57673,0.91433,0.90468, ,75.95869,77.99164,60.02365,4.7
680,99.87598,0.12402, , , ,7.71731,7.62283, ,7.71719, ,7.16806,7.3098, ,7.16823,-0.56818, ,24.87702,32.94496, ,24.88507, ,0.9387,0.70882, ,0.9384, ,1.0653,1.41079, ,1.06564, ,138.52698,145.98192, ,138.53821, ,137.80184,132.27225, ,137.79629, ,51.98181,55.46178, ,51.98682, ,0.33246,0.31606, ,0.33244,90.6563,103.606, , ,90.6405,144.512,-83.7845,476.97096,477.07263,394.1275,397.45974, ,0.57962,0.57595,0.90505,0.89578, ,77.59374,79.61289,61.72424,4.8
675,99.84784,0.15216, , , ,7.72008,7.62475, ,7.71994, ,7.16547,7.30796, ,7.16568,-0.57983, ,24.81694,33.0478, ,24.82697, ,0.93604,0.70291, ,0.93566, ,1.06833,1.42265, ,1.06876, ,139.00687,146.72388, ,139.02102, ,138.03598,132.80214, ,138.02964, ,52.17345,55.75202, ,52.17973, ,0.33216,0.31586, ,0.33214,90.8368,103.781, , ,90.8175,145.177,-83.48759,474.06967,474.1969,389.62442,393.00213, ,0.58026,0.57518,0.89605,0.88714, ,79.19191,81.19477,63.38275,4.9
670,99.81842,0.18158, , , ,7.72286,7.62667, ,7.72268, ,7.16288,7.30612, ,7.16314,-0.59147, ,24.75686,33.15205, ,24.76902, ,0.93336,0.69701, ,0.93291, ,1.07139,1.43471, ,1.07192, ,139.48644,147.46364, ,139.50377, ,138.26897,133.32892, ,138.26196, ,52.36505,56.04151, ,52.37271, ,0.33187,0.31566, ,0.33184,91.02,103.958, , ,90.9969,145.844,-83.19102,471.17066,471.32512,385.16572,388.58711, ,0.5798,0.5744,0.8873,0.87874, ,80.75382,82.73801,65.00002,5
665,99.77995,0.22005, , , ,7.72563,7.62858, ,7.72542, ,7.16029,7.30429, ,7.1606,-0.60306, ,24.69677,33.25767, ,24.71173, ,0.93068,0.69111, ,0.93011, ,1.07449,1.44695, ,1.07514, ,139.96577,148.20114, ,139.98731, ,138.50086,133.85253, ,138.49303, ,52.55665,56.33023, ,52.56614, ,0.33157,0.31547, ,0.33154,91.21,104.138, , ,91.1821,146.52,-82.89151,468.26739,468.45792,380.75014,384.21348, ,0.58066,0.57363,0.8788,0.87059, ,82.28146,84.24444,66.57798,5.1
660,99.74031,0.25969, , , ,7.72841,7.63049, ,7.72816, ,7.1577,7.30246, ,7.15807,-0.61465, ,24.63668,33.36463, ,24.6546, ,0.92797,0.68522, ,0.9273, ,1.07762,1.45938, ,1.0784, ,140.44479,148.93634, ,140.47083, ,138.73161,134.37294, ,138.72316, ,52.74822,56.61816, ,52.75965, ,0.33128,0.31527, ,0.33123,91.4025,104.32, , ,91.3696,147.197,-82.59253,465.36572,465.59466,376.37644,379.88007, ,0.58033,0.57285,0.87055,0.86266, ,83.77524,85.71459,68.11726,5.2
655,99.6995,0.3005, , , ,7.73119,7.6324, ,7.73089, ,7.15511,7.30064, ,7.15554,-0.62622, ,24.57659,33.47292, ,24.59763, ,0.92526,0.67935, ,0.92447, ,1.08078,1.472, ,1.08171, ,140.92349,149.66918, ,140.95434, ,138.96124,134.89012, ,138.95236, ,52.93975,56.90529, ,52.95324, ,0.33098,0.31507, ,0.33093,91.5979,104.504, , ,91.5599,147.877,-82.29377,462.46605,462.73535,372.04347,375.58578, ,0.57993,0.57208,0.86252,0.85494, ,85.23629,87.14957,69.61907,5.3
650,99.64951,0.35049, , , ,7.73396,7.6343, ,7.73362, ,7.15251,7.29882, ,7.15302,-0.63774, ,24.5165,33.58248, ,24.54138, ,0.92253,0.67348, ,0.92159, ,1.08398,1.48482, ,1.08508, ,141.40195,150.39963, ,141.43876, ,139.18977,135.40404, ,139.18046, ,53.13129,57.19158, ,53.14733, ,0.33068,0.31488, ,0.33063,91.8005,104.691, , ,91.7561,148.566,-81.992,459.56194,459.88062,367.75011,371.32954, ,0.58082,0.57131,0.85471,0.84744, ,86.66644,88.55108,71.08518,5.4
645,99.59848,0.40152, , , ,7.73674,7.63621, ,7.73634, ,7.14992,7.297, ,7.1505,-0.64924, ,24.45639,33.69328, ,24.48531, ,0.91979,0.66763, ,0.9187, ,1.08721,1.49783, ,1.08849, ,141.8801,151.12762, ,141.92319, ,139.41719,135.91467, ,139.40769, ,53.32279,57.47703, ,53.34151, ,0.33039,0.31468, ,0.33033,92.0057,104.879, , ,91.9549,149.257,-81.69049,456.65914,457.02984,363.49529,367.11034, ,0.58056,0.57053,0.8471,0.84013, ,88.06596,89.9195,72.51607,5.5
640,99.53804,0.46196, , , ,7.73952,7.6381, ,7.73905, ,7.14732,7.29519, ,7.14799,-0.6607, ,24.39629,33.8053, ,24.43002, ,0.91703,0.66179, ,0.91577, ,1.09047,1.51104, ,1.09198, ,142.35802,151.85312, ,142.40866, ,139.64354,136.42196, ,139.63394, ,53.51429,57.76162, ,53.53623, ,0.33009,0.31448, ,0.33002,92.2181,105.071, , ,92.1598,149.957,-81.38618,453.75097,454.18368,359.27801,362.92722, ,0.58164,0.56976,0.8397,0.83301, ,89.43664,91.25646,73.91344,5.6
635,99.46789,0.53211, , , ,7.7423,7.64, ,7.74175, ,7.14473,7.29338, ,7.1455,-0.67209, ,24.33617,33.91848, ,24.37556, ,0.91426,0.65597, ,0.91279, ,1.09378,1.52445, ,1.09555, ,142.8357,152.57606, ,142.89523, ,139.8688,136.92589, ,139.85927, ,53.70579,58.04532, ,53.73151, ,0.3298,0.31428, ,0.32972,92.4378,105.264, , ,92.3706,150.666,-81.07883,450.83665,451.34205,355.09727,358.77923, ,0.58286,0.56898,0.83248,0.82607, ,90.77928,92.56282,75.27821,5.7
630,99.3969,0.6031, , , ,7.74508,7.64189, ,7.74445, ,7.14213,7.29157, ,7.14301,-0.68348, ,24.27605,34.03281, ,24.32129, ,0.91148,0.65017, ,0.90979, ,1.09711,1.53805, ,1.09916, ,143.31306,153.29641, ,143.38189, ,140.09297,137.42642, ,140.08386, ,53.89725,58.32812, ,53.92691, ,0.3295,0.31409, ,0.32941,92.6605,105.461, , ,92.5845,151.377,-80.77165,447.92389,448.50441,350.95215,354.6655, ,0.58255,0.5682,0.82545,0.81931, ,92.09418,93.83891,76.61081,5.8
625,99.31619,0.68381, , , ,7.74785,7.64378, ,7.74714, ,7.13953,7.28977, ,7.14053,-0.6948, ,24.21592,34.14824, ,24.2679, ,0.90869,0.64439, ,0.90674, ,1.10049,1.55186, ,1.10285, ,143.79019,154.01412, ,143.86974, ,140.31608,137.92352, ,140.30766, ,54.08872,58.61, ,54.12291, ,0.32921,0.31389, ,0.3291,92.8906,105.659, , ,92.8045,152.098,-80.46149,445.00474,445.67139,346.84175,350.58517, ,0.58383,0.56743,0.8186,0.81272, ,93.38294,95.08622,77.91278,5.9
620,99.23475,0.76525, , , ,7.75063,7.64566, ,7.74983, ,7.13693,7.28797, ,7.13806,-0.70611, ,24.15579,34.26472, ,24.21472, ,0.90588,0.63862, ,0.90367, ,1.1039,1.56587, ,1.1066, ,144.267,154.72914, ,144.35769, ,140.5381,138.41716, ,140.53078, ,54.28015,58.89094, ,54.31903, ,0.32891,0.31369, ,0.32879,93.1236,105.861, , ,93.0275,152.821,-80.15155,442.08692,442.84228,342.76521,346.53742, ,0.58356,0.56665,0.81191,0.80628, ,94.64561,96.30486,79.18429,6
615,99.1436,0.8564, , , ,7.75341,7.64754, ,7.75251, ,7.13432,7.28618, ,7.1356,-0.71736, ,24.09565,34.38223, ,24.16245, ,0.90305,0.63288, ,0.90056, ,1.10735,1.58009, ,1.11042, ,144.74358,155.44141, ,144.84691, ,140.75907,138.90731, ,140.7532, ,54.47159,59.17092, ,54.51578, ,0.32862,0.3135, ,0.32849,93.3642,106.065, , ,93.2569,153.554,-79.83869,439.16235,440.01782,338.72172,342.52148, ,0.58491,0.56587,0.80538,0.8, ,95.88383,97.49634,80.42693,6.1
610,99.05184,0.94816, , , ,7.75619,7.64942, ,7.75518, ,7.13172,7.28439, ,7.13314,-0.7286, ,24.03551,34.50072, ,24.1104, ,0.90022,0.62715, ,0.89742, ,1.11084,1.59451, ,1.1143, ,145.21984,156.15089, ,145.33624, ,140.97896,139.39394, ,140.975, ,54.66298,59.44992, ,54.71267, ,0.32832,0.3133, ,0.32818,93.6079,106.272, , ,93.4893,154.289,-79.5261,436.23902,437.19728,334.71049,338.53658, ,0.58467,0.5651,0.79901,0.79386, ,97.0976,98.6607,81.64077,6.2
605,98.95037,1.04963, , , ,7.75897,7.6513, ,7.75784, ,7.12911,7.2826, ,7.13069,-0.73978, ,23.97536,34.62015, ,24.05929, ,0.89737,0.62145, ,0.89424, ,1.11437,1.60914, ,1.11827, ,145.69587,156.85754, ,145.82692, ,141.19781,139.877, ,141.19621, ,54.85438,59.72792, ,54.9102, ,0.32802,0.3131, ,0.32787,93.859,106.481, , ,93.7281,155.034,-79.21051,433.30852,434.38134,330.73077,334.58202, ,0.5861,0.56432,0.79278,0.78787, ,98.28846,99.79932,82.82726,6.3
600,98.84842,1.15158, , , ,7.76175,7.65317, ,7.7605, ,7.12651,7.28082, ,7.12825,-0.75095, ,23.91521,34.74047, ,24.00841, ,0.8945,0.61577, ,0.89103, ,1.11794,1.62398, ,1.1223, ,146.17156,157.56131, ,146.31772, ,141.41559,140.35648, ,141.41685, ,55.04574,60.00491, ,55.10787, ,0.32773,0.3129, ,0.32756,94.1134,106.693, , ,93.9701,155.781,-78.89508,430.37967,431.56932,326.78182,330.6571, ,0.58577,0.56354,0.7867,0.78201, ,99.45641,100.91222,83.98648,6.4
595,98.73677,1.26323, , , ,7.76453,7.65504, ,7.76315, ,7.1239,7.27905, ,7.12582,-0.76205, ,23.85505,34.86165, ,23.95851, ,0.89162,0.61012, ,0.88777, ,1.12155,1.63903, ,1.12642, ,146.64703,158.26214, ,146.80992, ,141.63235,140.83234, ,141.63698, ,55.23711,60.28087, ,55.30621, ,0.32743,0.31271, ,0.32725,94.3755,106.909, , ,94.2187,156.538,-78.57673,427.4433,428.76196,322.86295,326.76116, ,0.58728,0.56276,0.78075,0.77628, ,100.60305,102.0008,85.11987,6.5
590,98.62475,1.37525, , , ,7.76731,7.65691, ,7.7658, ,7.12129,7.27727, ,7.12339,-0.77314, ,23.79489,34.98364, ,23.90885, ,0.88873,0.60449, ,0.88449, ,1.1252,1.65429, ,1.13059, ,147.12218,158.95999, ,147.30226, ,141.84805,141.30455, ,141.85659, ,55.42843,60.55577, ,55.50469, ,0.32714,0.31251, ,0.32694,94.6405,107.127, , ,94.4704,157.297,-78.25887,424.50812,425.95852,318.9735,322.89355, ,0.58704,0.56199,0.77493,0.77067, ,101.72829,103.06497,86.22738,6.6
585,98.51242,1.48758, , , ,7.7701,7.65877, ,7.76844, ,7.11869,7.2755, ,7.12097,-0.78421, ,23.73473,35.1064, ,23.85942, ,0.88582,0.59888, ,0.88119, ,1.1289,1.66977, ,1.13483, ,147.59699,159.65481, ,147.79472, ,142.06269,141.77308, ,142.07567, ,55.61972,60.8296, ,55.7033, ,0.32684,0.31231, ,0.32662,94.9089,107.348, , ,94.7254,158.059,-77.9412,421.57484,423.15898,315.11283,319.05368, ,0.58666,0.56121,0.76924,0.76519, ,102.83288,104.1053,87.30964,6.7
580,98.39047,1.60953, , , ,7.77288,7.66063, ,7.77107, ,7.11608,7.27374, ,7.11856,-0.79522, ,23.67456,35.22988, ,23.811, ,0.8829,0.59331, ,0.87784, ,1.13264,1.68547, ,1.13916, ,148.07157,160.34657, ,148.28863, ,142.27633,142.2379, ,142.29436, ,55.811,61.10235, ,55.9026, ,0.32654,0.31211, ,0.32631,95.1851,107.572, , ,94.9871,158.83,-77.62057,418.63391,420.36407,311.28032,315.24095, ,0.58819,0.56043,0.76367,0.75982, ,103.91837,105.12312,88.36801,6.8
575,98.26832,1.73168, , , ,7.77566,7.66248, ,7.7737, ,7.11347,7.27197, ,7.11616,-0.80622, ,23.61438,35.35404, ,23.76282, ,0.87996,0.58776, ,0.87446, ,1.13642,1.70138, ,1.14356, ,148.54583,161.0352, ,148.78267, ,142.48892,142.69898, ,142.51255, ,56.00226,61.37399, ,56.10204, ,0.32625,0.31192, ,0.326,95.4646,107.799, , ,95.2522,159.604,-77.30018,415.69452,417.57313,307.47537,311.45479, ,0.58788,0.55965,0.75822,0.75456, ,104.98483,106.11834,89.40245,6.9
570,98.14601,1.85399, , , ,7.77845,7.66434, ,7.77633, ,7.11086,7.27022, ,7.11375,-0.81721, ,23.55421,35.47883, ,23.71486, ,0.87701,0.58224, ,0.87106, ,1.14024,1.71751, ,1.14802, ,149.01976,161.72066, ,149.27681, ,142.70048,143.15629, ,142.73024, ,56.19346,61.6445, ,56.3016, ,0.32595,0.31172, ,0.32569,95.7472,108.03, , ,95.5205,160.38,-76.98032,412.75698,414.78602,303.69742,307.69467, ,0.58751,0.55887,0.75287,0.74941, ,106.03288,107.09135,90.41339,7
565,98.00843,1.9764, ,0.0151717,7.660791947,7.78123,7.66619, ,7.77894,7.217667499,7.10825,7.26846, ,7.11137,-0.82811,34.89972276,23.49403,35.6042, ,23.66843,0.588390777,0.87404,0.57675, ,0.8676,1.699550773,1.14412,1.73386, ,1.15261,163.1054651,149.49335,162.40291, ,149.77329,143.1018929,142.911,143.6098, ,142.94766,62.27031719,56.38463,61.91386, ,56.50223,0.30991833,0.32566,0.31152, ,0.32538,96.0823,108.263,425.713, ,95.7921,161.237,-76.62584,409.80488,412.00288,299.94592,303.96005, ,0.59042,0.55809,0.74764,0.74436, ,107.06355,108.04283,91.40154,7.1
560,97.87824,2.09887, ,0.0228899,7.662627025,7.78402,7.66803, ,7.78156,7.21593784,7.10564,7.26671, ,7.10898,-0.83904,35.01952328,23.43386,35.73011, ,23.6216,0.582879865,0.87105,0.57129, ,0.86413,1.715619393,1.14803,1.75043, ,1.15723,163.7694711,149.96662,163.08189, ,150.26879,143.5422573,143.12051,144.05949, ,143.16451,62.53259406,56.57577,62.18207, ,56.70251,0.309728169,0.32536,0.31133, ,0.32506,96.3968,108.5,426.473, ,96.0672,162.059,-76.28882,406.86291,409.22368,296.22033,300.25043, ,0.5884,0.55731,0.74251,0.73941, ,108.07767,108.97325,92.3674,7.2
555,97.73984,2.22136, ,0.0388016,7.664458606,7.78681,7.66987, ,7.78417,7.214212253,7.10304,7.26497, ,7.1066,-0.84991,35.139928,23.37368,35.85651, ,23.5757,0.577396601,0.86806,0.56586, ,0.86062,1.731911822,1.152,1.76723, ,1.16196,164.4302815,150.43956,163.75757, ,150.7656,143.9788949,143.32899,144.50531, ,143.38103,62.79373014,56.76686,62.44909, ,56.90344,0.309538007,0.32506,0.31113, ,0.32475,96.7414,108.741,427.243, ,96.3458,162.926,-75.93351,403.91384,406.44836,292.52016,296.56533, ,0.58981,0.55652,0.73748,0.73455, ,108.91932,109.88303,93.31144,7.3
550,97.59908,2.3438, ,0.0571201,7.666286686,7.7896,7.67171, ,7.78677,7.212490748,7.10043,7.26322, ,7.10423,-0.86075,35.26089822,23.31351,35.98334, ,23.53025,0.571941613,0.86504,0.56046, ,0.85707,1.74843022,1.15601,1.78425, ,1.16676,165.0878514,150.91216,164.4299, ,151.26287,144.4117783,143.53646,144.94725, ,143.59715,63.05370784,56.95791,62.71492, ,57.10463,0.309347846,0.32477,0.31093, ,0.32444,97.0971,108.985,428.019, ,96.6276,163.808,-75.57338,400.96416,403.67695,288.84491,292.90428, ,0.58994,0.55574,0.73254,0.72979, ,109.81982,110.77267,94.23419,7.4
545,97.44883,2.46618, ,0.0849882,7.668111268,7.79239,7.67355, ,7.78936,7.210773348,7.09782,7.26149, ,7.10187,-0.87154,35.38239509,23.25333,36.11056, ,23.48588,0.566515493,0.86201,0.55509, ,0.85348,1.765176791,1.16008,1.8015, ,1.17168,165.7421361,151.38444,165.09883, ,151.7617,144.8408802,143.74291,145.38527, ,143.81305,63.3125095,57.14893,62.97953, ,57.30656,0.309157684,0.32447,0.31073, ,0.32412,97.4878,109.232,428.806, ,96.9132,164.744,-75.1918,398.0057,400.90952,285.19411,289.26682, ,0.59169,0.55496,0.7277,0.72512, ,110.7003,111.6427,95.13619,7.5
540,97.29625,2.58845, ,0.1153,7.66993234,7.79519,7.67538, ,7.79194,7.209060008,7.09522,7.25975, ,7.09951,-0.8823,35.50437732,23.19315,36.23812, ,23.44196,0.56111884,0.85897,0.54976, ,0.84985,1.782153671,1.16419,1.81898, ,1.17668,166.3930918,151.85637,165.76431, ,152.261,145.2661732,143.94836,145.81935, ,144.02858,63.57011804,57.3399,63.2429, ,57.50876,0.308967523,0.32418,0.31054, ,0.32381,97.8902,109.483,429.601, ,97.2022,165.695,-74.80551,395.04679,398.14591,281.56729,285.65252, ,0.59178,0.55417,0.72295,0.72053, ,111.56099,112.49339,96.01776,7.6
535,97.13402,2.71058, ,0.1554,7.671749905,7.79798,7.67721, ,7.79451,7.207350769,7.09261,7.25802, ,7.09717,-0.893,35.62680568,23.13297,36.36597, ,23.39917,0.555752182,0.85591,0.54446, ,0.84617,1.799363155,1.16835,1.8367, ,1.1818,167.0406743,152.32798,166.4263, ,152.76194,145.6876311,144.15281,146.24946, ,144.24397,63.82651582,57.53083,63.50502, ,57.71173,0.308777362,0.32388,0.31034, ,0.32349,98.3286,109.738,430.405, ,97.495,166.702,-74.39767,392.07899,395.38629,277.96403,282.06096, ,0.59356,0.55339,0.71828,0.71602, ,112.40251,113.32533,96.87952,7.7
530,96.97113,2.82314, ,0.20573,7.673563957,7.80078,7.67904, ,7.79709,7.205645594,7.09001,7.2563, ,7.09483,-0.90368,35.74963829,23.0728,36.49405, ,23.35669,0.550416059,0.85283,0.53919, ,0.84246,1.816807458,1.17257,1.85464, ,1.18699,167.6848398,152.79916,167.08476, ,153.26308,146.1052269,144.35624,146.67558, ,144.45893,64.08168581,57.72168,63.76587, ,57.91486,0.3085872,0.32359,0.31014, ,0.32318,98.7998,109.996,431.202, ,97.7877,167.76,-73.97075,389.11233,392.6299,274.3839,278.49172, ,0.59333,0.5526,0.7137,0.7116, ,113.22446,114.13818,97.72113,7.8
525,96.79807,2.93547, ,0.26647,7.675374493,7.80358,7.68086, ,7.79964,7.203944494,7.08741,7.25457, ,7.09251,-0.9143,35.87283413,23.01263,36.62232, ,23.31542,0.545110959,0.84974,0.53396, ,0.8387,1.834488895,1.17684,1.87282, ,1.19232,168.3255448,153.27001,167.73963, ,153.76596,146.5189346,144.55867,147.09766, ,144.67381,64.33561071,57.91249,64.02543, ,58.1188,0.308397038,0.32329,0.30995, ,0.32286,99.3091,110.258,432.007, ,98.084,168.876,-73.52176,386.13559,389.87734,270.82648,274.94443, ,0.59535,0.55182,0.70919,0.70725, ,114.02784,114.93291,98.54361,7.9
520,96.60585,3.04751, ,0.34664,7.677181512,7.80638,7.68268, ,7.80217,7.202247484,7.08481,7.25286, ,7.09021,-0.9248,35.99635204,22.95246,36.75073, ,23.27621,0.539837342,0.84663,0.52876, ,0.83485,1.852409833,1.18116,1.89123, ,1.19782,168.9627456,153.74052,168.39088, ,154.27207,146.9287283,144.76012,147.5157, ,144.88899,64.58827328,58.10326,64.28369, ,58.32416,0.308206877,0.32299,0.30975, ,0.32254,99.8867,110.525,432.822, ,98.3842,170.1,-73.03028,383.13906,387.12876,267.29138,271.41869, ,0.59931,0.55103,0.70477,0.70297, ,114.81325,115.71007,99.34753,8
515,96.41252,3.14997, ,0.43752,7.67898501,7.80919,7.6845, ,7.8047,7.200554551,7.08221,7.25114, ,7.08792,-0.93529,36.12014955,22.89229,36.87921, ,23.23739,0.534595655,0.8435,0.52359, ,0.83097,1.87057263,1.18553,1.90988, ,1.20341,169.5963992,154.2106,169.03845, ,154.7785,147.3345824,144.96056,147.92966, ,145.10383,64.83965654,58.29395,64.54062, ,58.52974,0.308016716,0.3227,0.30955, ,0.32222,100.499,110.795,433.628, ,98.6843,171.378,-72.52003,380.14272,384.38338,263.77822,267.91414, ,0.59927,0.55024,0.70042,0.69877, ,115.58017,116.46924,100.13249,8.1
510,96.20894,3.25206, ,0.539,7.680784977,7.812,7.68631, ,7.80721,7.198865657,7.07961,7.24943, ,7.08564,-0.94571,36.244183,22.83213,37.00772, ,23.19986,0.529386329,0.84036,0.51846, ,0.82704,1.888979644,1.18997,1.92877, ,1.20913,170.226463,154.68034,169.68232, ,155.28676,147.7364712,145.16002,148.33952, ,145.31875,65.08974375,58.48459,64.79621, ,58.73616,0.307826554,0.3224,0.30935, ,0.3219,101.152,111.069,434.445, ,98.9885,172.718,-71.98804,377.13608,381.64189,260.28662,264.43043, ,0.60133,0.54945,0.69615,0.69464, ,116.32972,117.21146,100.89955,8.2
505,95.98586,3.35379, ,0.66036,7.682581419,7.81481,7.68812, ,7.80969,7.197180856,7.07701,7.24772, ,7.08339,-0.956,36.36841145,22.77196,37.1362, ,23.16451,0.524209726,0.8372,0.51337, ,0.82301,1.907633435,1.19446,1.94791, ,1.21505,170.8528936,155.14976,170.32242, ,155.79843,148.1343703,145.35851,148.74524, ,145.53414,65.33851761,58.6752,65.05045, ,58.94406,0.307636393,0.32211,0.30916, ,0.32158,101.875,111.348,435.271, ,99.2967,174.171,-71.41437,374.10881,378.90438,256.81622,260.96721, ,0.60545,0.54866,0.69194,0.69058, ,117.06236,117.93717,101.64918,8.3
500,95.76182,3.44592, ,0.79226,7.684374329,7.81762,7.68993, ,7.81217,7.195500122,7.07442,7.24602, ,7.08114,-0.96627,36.4927908,22.71181,37.2646, ,23.12959,0.519066221,0.83402,0.50832, ,0.81896,1.926536461,1.19901,1.96728, ,1.22106,171.4756489,155.61873,170.95872, ,156.3104,148.5282546,145.556,149.14681, ,145.74927,65.58596149,58.86572,65.3033, ,59.15218,0.307446232,0.32181,0.30896, ,0.32126,102.633,111.631,436.089, ,99.605,175.677,-70.82376,371.08103,376.17001,253.36668,257.52415, ,0.60556,0.54787,0.6878,0.68658, ,117.77748,118.64586,102.38089,8.4
495,95.5183,3.53758, ,0.94412,7.686163704,7.82043,7.69173, ,7.81462,7.193823453,7.07182,7.24432, ,7.07892,-0.97642,36.61727772,22.65165,37.39287, ,23.09692,0.513956148,0.83083,0.5033, ,0.81481,1.945691289,1.20362,1.9869, ,1.22728,172.0946865,156.08738,171.59117, ,156.82582,148.9181,145.75253,149.5442, ,145.96499,65.83205863,59.0562,65.55476, ,59.3618,0.30725607,0.32152,0.30876, ,0.32093,103.463,111.918,436.917, ,99.9176,177.298,-70.19261,368.03262,373.43964,249.93766,254.10091, ,0.60968,0.54708,0.68373,0.68264, ,118.47636,119.33873,103.09588,8.5
490,95.27387,3.61973, ,1.1064,7.687949541,7.82325,7.69353, ,7.81707,7.192150846,7.06923,7.24263, ,7.0767,-0.98655,36.74182827,22.5915,37.52095, ,23.0647,0.508879821,0.82762,0.49831, ,0.81064,1.965100518,1.20828,2.00677, ,1.23359,172.7099646,156.55559,172.21973, ,157.34154,149.3038821,145.94808,149.93738, ,146.18047,66.07679239,59.2466,65.80481, ,59.57162,0.307065909,0.32122,0.30856, ,0.32061,104.328,112.21,437.739, ,100.231,178.973,-69.54565,364.9839,370.71247,246.52884,250.6972, ,0.60974,0.54628,0.67973,0.67877, ,119.15844,120.01527,103.79368,8.6
485,95.01963,3.70135, ,1.27902,7.689731833,7.82607,7.69533, ,7.8195,7.19048228,7.06664,7.24094, ,7.0745,-0.9966,36.86639767,22.53135,37.64879, ,23.03381,0.503837537,0.82439,0.49337, ,0.80641,1.984766768,1.21301,2.02689, ,1.24007,173.3214417,157.02347,172.84436, ,157.85909,149.6855772,146.14267,150.32633, ,146.39618,66.32014633,59.43696,66.05344, ,59.78228,0.306875747,0.32092,0.30837, ,0.32028,105.233,112.506,438.57, ,100.548,180.711,-68.88067,361.92479,367.98926,243.13988,247.31271, ,0.61182,0.54549,0.67578,0.67496, ,119.82485,120.67655,104.47537,8.7
480,94.75569,3.78248, ,1.46184,7.691510586,7.8289,7.69712, ,7.82192,7.188817808,7.06405,7.23925, ,7.07232,-1.00658,36.99094366,22.4712,37.77633, ,23.00427,0.498829529,0.82115,0.48846, ,0.80212,2.00469287,1.21781,2.04726, ,1.2467,173.9290755,157.49101,173.46501, ,158.37845,150.0631626,146.33631,150.71102, ,146.61212,66.56210364,59.62728,66.30062, ,59.99377,0.306685586,0.32063,0.30817, ,0.31996,106.179,112.807,439.411, ,100.869,182.511,-68.19795,358.856,365.26994,239.7705,243.94714, ,0.61376,0.54469,0.6719,0.6712, ,120.47583,121.3228,105.1412,8.8
475,94.4911,3.8541, ,1.6548,7.693285788,7.83172,7.69891, ,7.82433,7.187157376,7.06147,7.23757, ,7.07014,-1.01654,37.11541962,22.41106,37.90351, ,22.97517,0.493856063,0.81789,0.48359, ,0.7978,2.02488149,1.22267,2.06788, ,1.25344,174.5328257,157.95813,174.08164, ,158.89804,150.4366144,146.52899,151.09144, ,146.82783,66.80264829,59.81751,66.54633, ,60.20542,0.306495424,0.32033,0.30797, ,0.31963,107.159,113.114,440.246, ,101.192,184.365,-67.50161,355.78754,362.55392,236.42039,240.6002, ,0.61369,0.54389,0.66808,0.66751, ,121.11099,121.95372,105.79089,8.9
470,94.21704,3.92515, ,1.85781,7.695057438,7.83455,7.7007, ,7.82672,7.185501,7.05888,7.23589, ,7.06798,-1.02642,37.23978149,22.35092,38.03028, ,22.94742,0.488917342,0.81461,0.47875, ,0.79343,2.045335506,1.22759,2.08875, ,1.26035,175.1326512,158.42491,174.69421, ,159.41937,150.8059102,146.72072,151.46756, ,147.04377,67.04176387,60.00771,66.79057, ,60.41788,0.306305263,0.32004,0.30778, ,0.31931,108.18,113.424,441.092, ,101.519,186.282,-66.78903,352.70915,359.8418,233.08925,237.27162, ,0.61568,0.54309,0.66431,0.66386, ,121.73129,122.57018,106.42531,9
465,93.95201,3.98686, ,2.06112,7.696825537,7.83738,7.70248, ,7.82913,7.183848694,7.0563,7.23421, ,7.06581,-1.03633,37.36398481,22.29079,38.15659, ,22.9191,0.484013552,0.81131,0.47396, ,0.78907,2.066057853,1.23258,2.10989, ,1.26732,175.728511,158.89125,175.30268, ,159.93918,151.171028,146.91149,151.83935, ,147.25894,67.27943416,60.19782,67.03331, ,60.62978,0.306115102,0.31974,0.30758, ,0.31898,109.204,113.741,441.932, ,101.847,188.2,-66.08371,349.64311,357.13296,229.77681,233.96113, ,0.61321,0.54229,0.6606,0.66027, ,122.33632,123.17183,107.04415,9.1
460,93.68744,4.04795, ,2.26461,7.698590076,7.84021,7.70426, ,7.83153,7.182200418,7.05372,7.23254, ,7.06365,-1.04623,37.48798282,22.23066,38.28237, ,22.89109,0.479144879,0.80799,0.4692, ,0.78468,2.087051419,1.23764,2.13128, ,1.27441,176.3203656,159.35727,175.907, ,160.45895,151.5319452,147.10134,152.20679, ,147.47379,67.51564333,60.38789,67.27455, ,60.84175,0.30592494,0.31945,0.30738, ,0.31866,110.234,114.062,442.783, ,102.179,190.126,-65.38288,346.57914,354.42812,226.4828,230.66846, ,0.61279,0.54149,0.65694,0.65673, ,122.92713,123.75966,107.64839,9.2
455,93.41375,4.1084, ,2.47785,7.700351055,7.84305,7.70603, ,7.83391,7.180556202,7.05114,7.23088, ,7.0615,-1.05604,37.6117314,22.17052,38.40758, ,22.8644,0.474311454,0.80466,0.46448, ,0.78024,2.108319317,1.24276,2.15293, ,1.28166,176.9081745,159.82294,176.50714, ,160.98034,151.8886407,147.29026,152.56986, ,147.68883,67.75037524,60.57791,67.51425, ,61.05446,0.305734778,0.31915,0.30718, ,0.31833,111.305,114.388,443.645, ,102.517,192.114,-64.66702,343.50641,351.72719,223.20694,227.39336, ,0.61455,0.54069,0.65334,0.65325, ,123.50387,124.33383,108.23822,9.3
450,93.15888,4.1597, ,2.68143,7.702108472,7.84589,7.70781, ,7.83632,7.178916043,7.04856,7.22921, ,7.05933,-1.06595,37.73518494,22.1104,38.53216, ,22.83605,0.4695134,0.80131,0.4598, ,0.77584,2.129864662,1.24796,2.17485, ,1.28892,177.4918981,160.28819,177.10304, ,161.49832,152.241093,147.47823,152.92854, ,147.9024,67.9836141,60.76786,67.7524, ,61.26585,0.305544617,0.31886,0.30699, ,0.31801,112.346,114.72,444.503, ,102.856,194.048,-63.97847,340.45802,349.02957,219.94898,224.13558, ,0.60968,0.53989,0.64978,0.64981, ,124.06614,124.89399,108.81329,9.4
445,92.90482,4.2103, ,2.88488,7.703862323,7.84873,7.70958, ,7.83872,7.177279933,7.04598,7.22755, ,7.05717,-1.07585,37.85829748,22.05027,38.65604, ,22.80794,0.464750825,0.79793,0.45516, ,0.77143,2.151690638,1.25324,2.19703, ,1.2963,178.0714974,160.7531,177.69468, ,162.01609,152.5892815,147.66528,153.28281, ,148.11553,68.21534422,60.95776,67.989, ,61.47723,0.305354456,0.31856,0.30679, ,0.31769,113.392,115.058,445.371, ,103.199,195.99,-63.29482,337.41272,346.33594,216.70867,220.89487, ,0.60906,0.53908,0.64628,0.64642, ,124.61494,125.44107,109.37455,9.5
440,92.65163,4.26021, ,3.08816,7.705612598,7.85157,7.71134, ,7.84113,7.175647834,7.0434,7.2259, ,7.05501,-1.08572,37.98102173,21.99014,38.77918, ,22.78004,0.460023828,0.79455,0.45056, ,0.76699,2.173800441,1.25858,2.21948, ,1.30379,178.6469337,161.21768,178.28202, ,162.53359,152.9331852,147.85143,153.63264, ,148.32818,68.44555027,61.14762,68.22402, ,61.68858,0.305164294,0.31827,0.30659, ,0.31737,114.446,115.401,446.252, ,103.549,197.938,-62.61568,334.37115,343.64624,213.48576,217.67101, ,0.60831,0.53828,0.64282,0.64307, ,125.15043,125.97523,109.92219,9.6
435,92.41721,4.30126, ,3.28153,7.707359309,7.85442,7.71311, ,7.84355,7.174019832,7.04083,7.22425, ,7.05283,-1.09569,38.10331523,21.93003,38.90151, ,22.75039,0.455332427,0.79114,0.44599, ,0.76261,2.196197637,1.264,2.2422, ,1.31129,179.2181678,161.68183,178.865, ,163.04751,153.272785,148.03664,153.97801, ,148.53917,68.6742163,61.33741,68.45745, ,61.89855,0.304974133,0.31797,0.3064, ,0.31705,115.47,115.751,447.131, ,103.9,199.832,-61.96273,331.3549,340.95994,210.28002,214.46376, ,0.60325,0.53747,0.63942,0.63977, ,125.67225,126.49618,110.4559,9.7
430,92.18389,4.34154, ,3.47457,7.709102435,7.85727,7.71486, ,7.84598,7.172395808,7.03825,7.2226, ,7.05065,-1.10565,38.22512727,21.86991,39.02299, ,22.72089,0.450676721,0.78771,0.44146, ,0.75821,2.218885411,1.2695,2.2652, ,1.3189,179.7851624,162.14565,179.44359, ,163.56103,153.6080599,148.22095,154.31891, ,148.74956,68.90132766,61.52714,68.68926, ,62.10843,0.304783971,0.31768,0.3062, ,0.31674,116.499,116.106,448.02, ,104.256,201.732,-61.31452,328.34256,338.27758,207.0912,211.2729, ,0.60247,0.53666,0.63605,0.63652, ,126.18124,127.00468,110.97648,9.8
425,91.96135,4.3811, ,3.65755,7.710841988,7.86012,7.71662, ,7.84841,7.170775872,7.03568,7.22096, ,7.04846,-1.11565,38.34641637,21.80979,39.14355, ,22.69044,0.446056675,0.78427,0.43697, ,0.75383,2.241867581,1.27508,2.28847, ,1.32656,180.3478789,162.60913,180.01776, ,164.07236,153.938992,148.40436,154.65532, ,148.95872,69.12686861,61.71684,68.91945, ,62.31749,0.30459381,0.31738,0.306, ,0.31642,117.503,116.468,448.923, ,104.618,203.584,-60.68907,325.34676,335.59926,203.91908,208.09821, ,0.59916,0.53585,0.63274,0.6333, ,126.67771,127.50105,111.48424,9.9
420,91.74955,4.41998, ,3.83047,7.712577957,7.86297,7.71837, ,7.85086,7.169159948,7.03311,7.21932, ,7.04626,-1.1257,38.46713328,21.74967,39.26314, ,22.65903,0.441472331,0.7808,0.43252, ,0.74947,2.26514762,1.28074,2.31202, ,1.33428,180.9062807,163.07227,180.58747, ,164.58143,154.2655618,148.58688,154.9872, ,149.16658,69.3508245,61.90649,69.148, ,62.52571,0.304403648,0.31709,0.3058, ,0.31611,118.48,116.835,449.84, ,104.986,205.388,-60.08587,322.36734,332.92493,200.76344,204.93948, ,0.59588,0.53504,0.62946,0.63013, ,127.16183,127.98545,111.97937,10
415,91.55639,4.45035, ,3.99327,7.714310344,7.86583,7.72012, ,7.85334,7.16754809,7.03054,7.21768, ,7.04404,-1.13585,38.58723414,21.68956,39.3817, ,22.62573,0.436923645,0.77732,0.42811, ,0.74515,2.288729417,1.28648,2.33585, ,1.342,181.4603303,163.53499,181.15267, ,165.08672,154.5877513,148.76848,155.31455, ,149.37248,69.57318023,62.09607,69.3749, ,62.73247,0.304213488,0.31679,0.30561, ,0.3158,119.426,117.21,450.755, ,105.357,207.137,-59.50729,319.41389,330.25398,197.62407,201.7965, ,0.59069,0.53422,0.62623,0.627, ,127.63314,128.45748,112.46147,10.1
410,91.37419,4.4799, ,4.14591,7.716039141,7.86869,7.72187, ,7.85583,7.165940252,7.02797,7.21605, ,7.04181,-1.14604,38.70667104,21.62945,39.49918, ,22.59137,0.432410604,0.77381,0.42373, ,0.74087,2.312616737,1.2923,2.35997, ,1.34977,182.0099916,163.99737,181.71333, ,165.58961,154.9055425,148.9492,155.63735, ,149.57694,69.7939213,62.2856,69.60013, ,62.93832,0.304023326,0.3165,0.30541, ,0.31549,120.346,117.591,451.683, ,105.733,208.837,-58.94989,316.47827,327.58704,194.50075,198.66906, ,0.58713,0.53341,0.62304,0.62391, ,128.09253,128.91798,112.93138,10.2
405,91.20289,4.50871, ,4.2884,7.717764346,7.87155,7.72361, ,7.85833,7.16433643,7.0254,7.21442, ,7.03957,-1.15629,38.82539759,21.56934,39.61552, ,22.55591,0.427933158,0.77029,0.4194, ,0.7366,2.336813545,1.29821,2.38437, ,1.35759,182.5552286,164.45942,182.26941, ,166.09007,155.2189175,149.12904,155.95558, ,149.7799,70.01303321,62.47508,69.82366, ,63.14327,0.303833165,0.3162,0.30521, ,0.31518,121.239,117.979,452.627, ,106.116,210.488,-58.41338,313.55945,324.92415,191.39328,195.55698, ,0.58376,0.53259,0.61989,0.62086, ,128.54023,129.36717,113.38935,10.3
400,90.6574,4.50874,0.54542,4.28844,7.719485957,7.87441,7.72535,7.70006,7.86015,7.162736646,7.02283,7.2128,7.18185,7.03793,-1.16377,38.94336878,21.50923,39.73067,39.69791,22.56143,0.423491226,0.76675,0.4151,0.41544,0.73099,2.361324008,1.30421,2.40906,2.40708,1.36801,183.0960057,164.92113,182.82087,182.84807,166.66011,155.52786,149.308,156.26922,156.12372,150.01248,70.23050149,62.66453,70.0455,70.06724,63.37669,0.303643003,0.31591,0.30502,0.3048,0.31484,125.776,118.374,453.584,878.106,106.505,218.061,-55.96716,310.25436,322.26527,188.30146,192.46005,208.42973,0.66102,0.53177,0.61678,0.61785,0.61942,128.97643,129.80522,113.83554,10.4
395,81.55171,4.50014,9.66787,4.28027,7.721203971,7.87728,7.72708,7.70178,7.84692,7.16114089,7.02027,7.21118,7.18025,7.04979,-1.10957,39.06053812,21.44915,39.84456,39.8118,23.60279,0.419084728,0.76319,0.41084,0.41118,0.69355,2.386152329,1.3103,2.43405,2.43205,1.44186,183.6322878,165.38223,183.36768,183.39392,168.79704,155.8323532,149.486,156.57825,156.43226,150.88696,70.44631201,62.85381,70.26563,70.287,64.25222,0.303452842,0.31561,0.30482,0.30461,0.31355,195.414,118.776,454.504,879.681,106.889,327.669,-28.72616,297.32618,319.6084,185.22508,189.37809,205.34024,2.58564,0.53095,0.61371,0.61488,0.61632,129.39909,130.23031,114.26816,10.5
390,73.37376,4.49237,17.86097,4.27289,7.722918385,7.88016,7.72882,7.7035,7.83514,7.159549162,7.01771,7.20956,7.17864,7.0604,-1.06109,39.17685962,21.38906,39.95715,39.92439,24.6088,0.414713562,0.7596,0.40661,0.40695,0.66022,2.411302865,1.31648,2.45933,2.45731,1.51465,184.1640405,165.843,183.90981,183.93509,170.73383,156.1323813,149.66314,156.88267,156.73619,151.66795,70.66045076,63.04306,70.48402,70.50503,65.04731,0.30326268,0.31532,0.30462,0.30441,0.31238,258.441,119.186,455.44,881.285,107.28,421.179,-13.15901,285.34033,316.95565,182.16397,186.31091,202.26615,2.39717,0.53013,0.61068,0.61194,0.61326,129.81071,130.64474,114.6895,10.6
385,66.02668,4.48535,25.22175,4.26622,7.724629195,7.88303,7.73054,7.70521,7.82463,7.157961457,7.01515,7.20795,7.17704,7.06987,-1.01778,39.29228734,21.32898,40.06838,40.03561,25.59483,0.410377611,0.756,0.40243,0.40276,0.63,2.436780111,1.32275,2.48491,2.48288,1.58731,184.6912297,166.30344,184.44721,184.47156,172.51373,156.4279287,149.83942,157.18244,157.03551,152.38621,70.872904,63.23227,70.70067,70.72132,65.77867,0.303072519,0.31502,0.30442,0.30421,0.31132,315.505,119.603,456.395,882.919,107.679,501.751,-2.94911,274.21013,314.30703,179.11793,183.25833,199.20727,2.22604,0.5293,0.60768,0.60904,0.61024,130.21152,131.0487,115.09976,10.7
380,59.42395,4.479,31.83687,4.26018,7.7263364,7.88591,7.73227,7.70693,7.8153,7.156377773,7.01259,7.20634,7.17545,7.07832,-0.97916,39.40677546,21.26889,40.1782,40.14542,26.56658,0.406076742,0.75237,0.39828,0.39861,0.60234,2.462588708,1.32912,2.5108,2.50875,1.66019,185.2138221,166.76355,184.97986,185.00329,174.1637,156.7189805,150.01484,157.47756,157.33019,153.05823,71.08365811,63.42143,70.91556,70.93586,66.45687,0.302882357,0.31473,0.30423,0.30402,0.31035,367.193,120.028,457.367,884.584,108.085,571.754,4.30404,263.85783,311.66254,176.08677,180.22019,196.16342,2.07046,0.52848,0.60472,0.60617,0.60725,130.60164,131.44235,115.49912,10.8
375,53.48859,4.47325,37.78344,4.25472,7.728039996,7.88879,7.73399,7.70864,7.80701,7.154798111,7.01003,7.20474,7.17386,7.08584,-0.9448,39.52027827,21.2088,40.28654,40.25376,27.52411,0.401810809,0.74873,0.39417,0.39449,0.57694,2.488733445,1.33559,2.53699,2.53492,1.73329,185.7317847,167.22334,185.50772,185.53024,175.7017,157.0055226,150.18941,157.76801,157.62023,153.69308,71.29269973,63.61056,71.12868,71.14864,67.08902,0.302692196,0.31443,0.30403,0.30382,0.30947,414.032,120.462,458.357,886.28,108.498,632.993,9.73315,254.21137,309.0222,173.07033,177.1963,193.1344,1.92929,0.52764,0.6018,0.60334,0.6043,130.98131,131.8259,115.8878,10.9
370,48.15186,4.46805,43.13031,4.24979,7.72973998,7.89167,7.73571,7.71034,7.79966,7.153222467,7.00747,7.20314,7.17227,7.09251,-0.9143,39.63275022,21.14871,40.39336,40.36058,28.46393,0.397579651,0.74507,0.39009,0.39041,0.55358,2.515219271,1.34216,2.56349,2.56141,1.80641,186.2450852,167.68279,186.03075,186.05238,177.14066,157.287541,150.36313,158.05378,157.9056,154.29596,71.50001571,63.79965,71.34001,71.35963,67.68032,0.302502035,0.31414,0.30383,0.30362,0.30866,456.499,120.903,459.367,888.009,108.92,686.879,13.9504,245.20625,306.38601,170.06842,174.18649,190.12005,1.80102,0.52681,0.59891,0.60054,0.60139,131.35068,132.19952,116.26596,11
365,43.3523,4.46334,47.93905,4.24532,7.731436349,7.89455,7.73742,7.71204,7.79317,7.15165084,7.00491,7.20154,7.17069,7.09842,-0.8873,39.74414593,21.08862,40.49861,40.46582,29.35204,0.393383092,0.74138,0.38605,0.38637,0.53266,2.542051302,1.34884,2.59031,2.58821,1.87737,186.753692,168.14192,186.54892,186.56968,178.49061,157.5650224,150.536,158.33485,158.1863,154.87008,71.70559311,63.98869,71.54954,71.56883,68.23486,0.302311873,0.31384,0.30363,0.30343,0.30791,495.024,121.354,460.396,889.772,109.35,734.53,17.31684,236.78364,303.75399,167.08087,171.19061,187.1202,1.68452,0.52598,0.59606,0.59777,0.5985,131.70994,132.56338,116.63379,11.1
360,39.03499,4.45908,52.26466,4.24127,7.733129101,7.89744,7.73914,7.71374,7.78745,7.150083228,7.00236,7.19995,7.16911,7.10363,-0.86347,39.85442019,21.02853,40.60222,40.56943,30.21344,0.389220943,0.73767,0.38205,0.38236,0.51342,2.569234823,1.35561,2.61744,2.61533,1.94772,187.2575743,168.60072,187.06221,187.08211,179.75976,157.8379543,150.70804,158.61121,158.46231,155.41764,71.90941927,64.1777,71.75727,71.77623,68.75602,0.302121712,0.31355,0.30344,0.30323,0.30723,529.996,121.813,461.446,891.569,109.788,776.849,20.06211,228.89015,301.12616,164.10752,168.20849,184.13468,1.5787,0.52514,0.59323,0.59503,0.59566,132.05928,132.91767,116.99148,11.2
355,35.15074,4.45523,56.15642,4.23761,7.734818232,7.90032,7.74084,7.71544,7.78243,7.148519629,6.9998,7.19836,7.16753,7.10821,-0.84252,39.96352799,20.96844,40.70415,40.67136,31.04252,0.385093003,0.73394,0.37809,0.37839,0.49576,2.596775305,1.3625,2.6449,2.64277,2.0171,187.7567015,169.05919,187.57057,187.58963,180.95519,158.1063248,150.87924,158.88285,158.73362,155.9403,72.11148173,64.36667,71.96316,71.9818,69.24671,0.30193155,0.31325,0.30324,0.30304,0.3066,561.765,122.281,462.516,893.401,110.235,814.573,22.33873,221.47699,298.50251,161.14821,165.23997,181.16331,1.48263,0.5243,0.59044,0.59233,0.59284,132.39884,133.26254,117.3392,11.3
350,31.65551,4.45173,59.65847,4.23429,7.736503739,7.90321,7.74255,7.71713,7.77804,7.14696004,6.99724,7.19678,7.16596,7.11223,-0.82417,40.07142454,20.90835,40.80435,40.77156,31.83647,0.380999058,0.7302,0.37416,0.37446,0.47955,2.624678406,1.3695,2.67268,2.67054,2.08529,188.251044,169.51733,188.07398,188.09222,182.0831,158.3701224,151.0496,159.14976,159.00021,156.43946,72.31176834,64.55559,72.16722,72.18554,69.70951,0.301741389,0.31296,0.30304,0.30284,0.30601,590.649,122.758,463.607,895.271,110.69,848.316,24.25293,214.50082,295.88307,158.20276,162.28491,178.20595,1.39523,0.52346,0.58768,0.58965,0.59005,132.7288,133.59816,117.67712,11.4
345,28.50994,4.44856,62.81021,4.23129,7.73818562,7.9061,7.74425,7.71882,7.77421,7.145404462,6.99468,7.1952,7.16439,7.11573,-0.80818,40.17806531,20.84826,40.90276,40.86996,32.59323,0.376938882,0.72642,0.37026,0.37056,0.46466,2.652949985,1.37661,2.7008,2.69864,2.15212,188.7405729,169.97515,188.57241,188.58984,183.14902,158.6293362,151.21914,159.41192,159.26208,156.91631,72.51026717,64.74448,72.36943,72.38744,70.14674,0.301551228,0.31266,0.30285,0.30264,0.30547,616.931,123.245,464.721,897.177,111.155,878.588,25.88061,207.9211,293.26785,155.27103,159.34314,175.26244,1.31595,0.52261,0.58496,0.58701,0.5873,133.04933,133.92471,118.00541,11.5
340,25.67865,4.44569,65.64709,4.22857,7.739863871,7.90899,7.74594,7.7205,7.7709,7.14385289,6.99212,7.19362,7.16283,7.11876,-0.79433,40.28340599,20.78817,40.99933,40.96653,33.31156,0.372912236,0.72263,0.3664,0.36669,0.45096,2.681596107,1.38383,2.72925,2.72707,2.21749,189.2252602,170.43263,189.06583,189.08247,184.15799,158.8839566,151.38786,159.66932,159.51922,157.37199,72.7069666,64.93332,72.56978,72.58748,70.56049,0.301361066,0.31237,0.30265,0.30245,0.30497,640.872,123.742,465.857,899.123,111.63,905.82,27.27838,201.70176,290.65686,152.35286,156.41452,172.33261,1.24387,0.52177,0.58226,0.58439,0.58458,133.3606,134.24234,118.32425,11.6
335,23.12988,4.4431,68.20091,4.22611,7.741538491,7.91189,7.74764,7.72219,7.76806,7.142305324,6.98957,7.19205,7.16127,7.12136,-0.78243,40.38740259,20.72807,41.09402,41.06121,33.99106,0.368918872,0.71882,0.36258,0.36286,0.43834,2.710623057,1.39118,2.75805,2.75585,2.28133,189.7050783,170.88979,189.55422,189.57008,185.11455,159.1339741,151.55575,159.92196,159.77161,157.80754,72.90185532,65.12213,72.76825,72.78566,70.95266,0.301170905,0.31207,0.30245,0.30225,0.30449,662.702,124.249,467.017,901.109,112.114,930.383,28.48854,195.8097,288.05012,149.4481,153.49891,169.41632,1.17841,0.52091,0.57959,0.58181,0.58189,133.66276,134.55121,118.6338,11.7
330,20.83525,4.44075,70.50013,4.22388,7.743209476,7.91478,7.74933,7.72386,7.76564,7.14076176,6.98701,7.19048,7.15971,7.12358,-0.77227,40.49001137,20.66798,41.18677,41.15396,34.63193,0.364958529,0.71498,0.35878,0.35907,0.42669,2.740037346,1.39864,2.78719,2.78497,2.34361,190.1800007,171.34662,190.03753,190.05263,186.02286,159.3793799,151.72282,160.16983,160.01925,158.22395,73.09492229,65.31089,72.96484,72.98195,71.32499,0.300980743,0.31178,0.30225,0.30205,0.30405,682.633,124.767,468.2,903.135,112.608,952.594,29.54415,190.21554,285.44763,146.55661,150.59616,166.51343,1.11883,0.52006,0.57696,0.57925,0.57922,133.95597,134.85147,118.9342,11.8
325,18.76916,4.43861,72.57037,4.22186,7.744876822,7.91768,7.75102,7.72554,7.7636,7.1392222,6.98445,7.18891,7.15816,7.12545,-0.76371,40.59118894,20.60788,41.27752,41.24471,35.23496,0.361030938,0.71112,0.35503,0.35531,0.41591,2.769845728,1.40623,2.81668,2.81444,2.40435,190.6500016,171.80312,190.51575,190.53011,186.88671,159.6201664,151.88908,160.41291,160.26213,158.62217,73.28615681,65.49962,73.15953,73.17635,71.67906,0.300790582,0.31148,0.30206,0.30186,0.30364,700.857,125.296,469.408,905.205,113.112,972.727,30.47094,184.89217,282.84942,143.67824,147.70615,163.62378,1.06468,0.5192,0.57435,0.57672,0.57659,134.24038,135.14327,119.22564,11.9
320,16.90865,4.43668,74.43464,4.22003,7.746540529,7.92058,7.7527,7.72721,7.7619,7.137686639,6.9819,7.18735,7.15661,7.12701,-0.7566,40.69089223,20.54778,41.36625,41.33343,35.80136,0.357135816,0.70724,0.35131,0.35158,0.40591,2.800055203,1.41395,2.84653,2.84427,2.46359,191.1150565,172.25929,190.98886,191.00249,187.70956,159.8563264,152.05454,160.65121,160.50024,159.00309,73.47554851,65.6883,73.35232,73.36886,72.01632,0.30060042,0.31119,0.30186,0.30166,0.30324,717.541,125.835,470.642,907.318,113.627,991.018,31.28917,179.81443,280.2555,140.81285,144.82872,160.74724,1.01555,0.51835,0.57176,0.57421,0.57398,134.51614,135.42678,119.50826,12
315,15.23327,4.43492,76.11343,4.21837,7.748200592,7.92348,7.75438,7.72888,7.76052,7.136155075,6.97934,7.1858,7.15507,7.12828,-0.75079,40.7890785,20.48769,41.45288,41.42006,36.33254,0.353272874,0.70333,0.34762,0.34789,0.39661,2.830673037,1.4218,2.87674,2.87446,2.5214,191.5751411,172.71513,191.45682,191.46974,188.49457,160.0878537,152.21918,160.88471,160.73357,159.36757,73.66308738,65.87695,73.54319,73.55945,72.33808,0.300410259,0.31089,0.30166,0.30146,0.30287,732.844,126.387,471.903,909.476,114.154,1007.68,32.01579,174.96103,277.66589,137.9603,141.96375,157.88367,0.97068,0.51748,0.56921,0.57173,0.5714,134.78343,135.70214,119.78222,12.1
310,13.72434,4.43333,77.62546,4.21687,7.749857009,7.92638,7.75606,7.73054,7.75941,7.134627508,6.97678,7.18424,7.15353,7.1293,-0.74616,40.88570539,20.42759,41.53739,41.50457,36.83019,0.349441813,0.69941,0.34396,0.34423,0.38792,2.861706768,1.42979,2.90732,2.90502,2.57785,192.0302327,173.17064,191.91961,191.93184,189.24465,160.3147428,152.38303,161.1134,160.96213,159.71643,73.84876375,66.06555,73.73213,73.74812,72.64558,0.300220098,0.3106,0.30147,0.30127,0.30252,746.905,126.95,473.19,911.681,114.691,1022.89,32.66404,170.31103,275.0806,135.12046,139.11111,155.03293,0.93,0.51662,0.56668,0.56928,0.56885,135.04235,135.96949,120.04767,12.2
305,12.36525,4.4319,78.98734,4.21551,7.751509776,7.92929,7.75773,7.7322,7.75857,7.133103935,6.97423,7.18269,7.15199,7.13007,-0.7426,40.98073095,20.36749,41.61972,41.58689,37.29605,0.345642322,0.69546,0.34034,0.3406,0.37979,2.893164224,1.43791,2.93828,2.93596,2.63303,192.4803094,173.62583,192.37722,192.38877,189.96247,160.5369892,152.54608,161.3373,161.1859,160.05045,74.03256836,66.25411,73.91913,73.93486,72.9399,0.300029936,0.3103,0.30127,0.30107,0.30218,759.849,127.525,474.506,913.934,115.24,1036.8,33.24518,165.84622,272.49965,132.29319,136.27067,152.1949,0.89296,0.51575,0.56418,0.56685,0.56632,135.29308,136.22898,120.30475,12.3
300,11.14112,4.43059,80.21401,4.21428,7.753158892,7.93219,7.7594,7.73386,7.75795,7.131584354,6.97167,7.18115,7.15046,7.13064,-0.74001,41.07411361,20.30739,41.69982,41.66699,37.73184,0.341874085,0.69148,0.33674,0.33701,0.37216,2.925053534,1.44617,2.96961,2.96727,2.68704,192.9253501,174.08069,192.82961,192.8405,190.65042,160.7545892,152.70833,161.55638,161.40487,160.37037,74.21449231,66.44263,74.10419,74.11966,73.22207,0.299839775,0.31001,0.30107,0.30087,0.30186,771.792,128.114,475.851,916.236,115.802,1049.57,33.76852,161.55046,269.92305,129.47837,133.44231,149.36944,0.85915,0.51487,0.5617,0.56445,0.56382,135.53575,136.48074,120.55361,12.4
295,10.03845,4.42941,81.31898,4.21316,7.754804353,7.9351,7.76106,7.73551,7.75754,7.130068764,6.96912,7.17961,7.14893,7.13102,-0.7383,41.1658122,20.24729,41.77765,41.74482,38.13928,0.338136776,0.68748,0.33318,0.33345,0.36497,2.957383143,1.45458,3.00134,2.99898,2.73995,193.3653352,174.53522,193.27677,193.28702,191.31075,160.9675401,152.86979,161.77064,161.61906,160.67689,74.39452717,66.63111,74.28729,74.30251,73.49301,0.299649613,0.30971,0.30087,0.30068,0.30156,782.838,128.715,477.225,918.59,116.376,1061.32,34.24198,157.4085,267.35084,126.67587,130.62591,146.55643,0.82839,0.514,0.55925,0.56207,0.56134,135.7705,136.72493,120.79441,12.5
290,9.04511,4.42833,82.31441,4.21215,7.756446157,7.93801,7.76273,7.73717,7.75733,7.128557162,6.96656,7.17807,7.14741,7.13122,-0.73738,41.25578603,20.18719,41.85317,41.82033,38.52002,0.33443006,0.68346,0.32966,0.32992,0.35818,2.990161829,1.46314,3.03346,3.03108,2.79188,193.800246,174.98942,193.71868,193.72831,191.9455,161.17584,153.03047,161.9801,161.82845,160.97067,74.5726649,66.81956,74.46844,74.4834,73.75357,0.299459452,0.30942,0.30068,0.30048,0.30126,793.08,129.33,478.631,920.998,116.963,1072.16,34.67199,153.40678,264.78301,123.88557,127.82135,143.75574,0.80035,0.51311,0.55682,0.55971,0.55889,135.99747,136.96166,121.02727,12.6
285,8.15025,4.42736,83.21116,4.21123,7.758084301,7.94093,7.76438,7.73881,7.75728,7.127049547,6.96401,7.17654,7.14588,7.13126,-0.73718,41.34399483,20.12708,41.92633,41.89349,38.87561,0.330753597,0.67942,0.32616,0.32642,0.35175,3.023398716,1.47185,3.06598,3.06358,2.84289,194.230065,175.44329,194.15532,194.16434,192.55651,161.3794882,153.19036,162.18474,162.03305,161.25235,74.74889792,67.00796,74.6476,74.66233,74.00452,0.29926929,0.30912,0.30048,0.30028,0.30098,802.603,129.959,480.068,923.459,117.563,1082.18,35.06414,149.53285,262.21961,121.10734,125.0285,140.96726,0.77478,0.51223,0.55442,0.55738,0.55646,136.21681,137.19111,121.25235,12.7
280,7.34407,4.42648,84.01905,4.2104,7.759718783,7.94384,7.76604,7.74046,7.75739,7.125545917,6.96145,7.17501,7.14437,7.13116,-0.73763,41.43039883,20.06698,41.99709,41.96424,39.20749,0.327107037,0.67535,0.32269,0.32295,0.34565,3.057103294,1.48072,3.09892,3.09649,2.89308,194.6547762,175.89683,194.58668,194.5951,193.14549,161.5784852,153.34947,162.38456,162.23285,161.52251,74.92321915,67.19632,74.8248,74.83928,74.24656,0.299079129,0.30883,0.30028,0.30009,0.3007,811.484,130.602,481.539,925.978,118.177,1091.49,35.42349,145.77563,259.66064,118.34108,122.24727,138.19086,0.75145,0.51134,0.55204,0.55507,0.55405,136.42864,137.41337,121.46978,12.8
275,6.61776,4.42568,84.74691,4.20965,7.761349598,7.94676,7.76769,7.7421,7.75763,7.124046269,6.9589,7.17348,7.14285,7.13093,-0.73867,41.51495872,20.00687,42.0654,42.03255,39.51699,0.323490024,0.67125,0.31926,0.31951,0.33985,3.091285434,1.48975,3.13227,3.12983,2.94251,195.0743644,176.35004,195.01273,195.02058,193.71398,161.772832,153.50781,162.57957,162.42786,161.78169,75.09562197,67.38464,75,75.01426,74.48035,0.298888967,0.30853,0.30008,0.29989,0.30044,819.791,131.26,483.044,928.555,118.805,1100.15,35.75395,142.12486,257.10613,115.58666,119.47754,135.42643,0.73015,0.51045,0.54968,0.55278,0.55167,136.6331,137.62859,121.6797,12.9
270,5.96337,4.42495,85.4027,4.20897,7.762976746,7.94967,7.76934,7.74373,7.75801,7.122550603,6.95634,7.17196,7.14134,7.13059,-0.74024,41.5976357,19.94677,42.13123,42.09838,39.80534,0.319902196,0.66713,0.31585,0.3161,0.33431,3.125955411,1.49895,3.16605,3.16358,2.99127,195.4888163,176.80293,195.43347,195.44076,194.26339,161.9625313,153.66537,162.76977,162.61807,162.03041,75.26610033,67.57291,75.17322,75.18725,74.70646,0.298698806,0.30824,0.29989,0.29969,0.30018,827.588,131.934,484.585,931.193,119.448,1108.23,36.05912,138.57154,254.5561,112.84397,116.7192,132.67386,0.71066,0.50955,0.54735,0.55051,0.54931,136.83031,137.8369,121.88224,13
265,5.37376,4.4243,85.99359,4.20835,7.764600223,7.95259,7.77098,7.74537,7.75849,7.121058915,6.95379,7.17044,7.13984,7.13014,-0.74229,41.67839151,19.88666,42.19454,42.16168,40.07371,0.316343182,0.66299,0.31247,0.31272,0.32901,3.161123919,1.50832,3.20027,3.19778,3.03942,195.8981199,177.25549,195.84888,195.85563,194.79501,162.1475868,153.82217,162.95515,162.8035,162.26914,75.4346487,67.76115,75.34443,75.35825,74.92542,0.298508645,0.30794,0.29969,0.2995,0.29993,834.933,132.624,486.162,933.894,120.107,1115.81,36.34223,135.1073,252.01057,110.1129,113.97214,129.93305,0.69285,0.50864,0.54504,0.54827,0.54697,137.02042,138.03843,122.07752,13.1
260,4.84252,4.4237,86.52599,4.20779,7.766220026,7.95552,7.77262,7.74699,7.75909,7.119571205,6.95123,7.16893,7.13834,7.1296,-0.74477,41.75718841,19.82655,42.25528,42.22242,40.32317,0.312812608,0.65882,0.30913,0.30937,0.32394,3.196802095,1.51786,3.23493,3.23242,3.08702,196.3022643,177.70772,196.25895,196.26518,195.31001,162.3280034,153.9782,163.13574,162.98415,162.49833,75.6012621,67.94935,75.51365,75.52726,75.13773,0.298318483,0.30765,0.29949,0.2993,0.29968,841.877,133.331,487.777,936.66,120.781,1122.94,36.60606,131.72464,249.46957,107.39334,111.23626,127.20388,0.67653,0.50774,0.54274,0.54604,0.54465,137.20354,138.23331,122.26569,13.2
255,4.36385,4.42316,87.00571,4.20729,7.767836153,7.95844,7.77426,7.74862,7.75977,7.118087471,6.94868,7.16742,7.13684,7.12897,-0.74765,41.83398922,19.76645,42.31342,42.28056,40.51578,0.309310091,0.65463,0.30581,0.30604,0.31937,3.233001541,1.52758,3.27005,3.26751,3.13113,196.7012407,178.15962,196.66367,196.6694,195.80943,162.5037872,154.13347,163.31153,163.16002,162.7184,75.76593621,68.13751,75.68086,75.69426,75.34381,0.298128322,0.30735,0.2993,0.2991,0.29944,848.467,134.054,489.432,939.493,121.472,1129.67,36.8529,128.41669,246.93312,104.6852,108.51147,124.48624,0.66159,0.50682,0.54047,0.54383,0.54236,137.3798,138.42165,122.44688,13.3
250,3.93253,4.42267,87.43797,4.20683,7.769448601,7.96137,7.7759,7.75024,7.76054,7.116607709,6.94613,7.16591,7.13534,7.12826,-0.75088,41.90875731,19.70634,42.36892,42.33606,40.7021,0.305835244,0.65041,0.30251,0.30275,0.3149,3.269734346,1.53749,3.30564,3.30307,3.17559,197.0950417,178.61119,197.06304,197.06828,196.29426,162.6749457,154.28798,163.48254,163.33112,162.92971,75.92866728,68.32562,75.84606,75.85926,75.54408,0.29793816,0.30706,0.2991,0.29891,0.2992,854.747,134.796,491.127,942.397,122.18,1136.04,37.08482,125.17725,244.40125,101.98837,105.79766,121.78005,0.64789,0.50591,0.53822,0.54165,0.54008,137.54934,138.60359,122.6212,13.4
245,3.54388,4.42222,87.82749,4.20641,7.771057368,7.96429,7.77753,7.75186,7.76138,7.11513192,6.94357,7.16441,7.13385,7.12749,-0.75442,41.98145666,19.64622,42.42175,42.38888,40.89967,0.302387673,0.64616,0.29925,0.29948,0.31039,3.30701311,1.5476,3.3417,3.33911,3.2218,197.4836617,179.06243,197.45705,197.46181,196.76536,162.8414881,154.44173,163.64876,163.49747,163.13262,76.08945226,68.5137,76.00924,76.02225,75.73888,0.297747999,0.30676,0.2989,0.29871,0.29897,860.754,135.556,492.865,945.372,122.905,1142.1,37.30372,122.0008,241.87398,99.30275,103.09474,119.0852,0.63529,0.50498,0.53599,0.53948,0.53782,137.71224,138.77924,122.78878,13.5
240,3.19366,4.42181,88.17848,4.20604,7.77266245,7.96722,7.77915,7.75348,7.7623,7.1136601,6.94102,7.16291,7.13237,7.12665,-0.75826,42.05205183,19.58611,42.47187,42.43899,41.08321,0.298966981,0.64189,0.29601,0.29624,0.30602,3.344850977,1.55789,3.37824,3.37563,3.26779,197.8670966,179.51335,197.84569,197.85,197.22354,163.0034246,154.59473,163.81022,163.65906,163.32747,76.24828877,68.70173,76.17041,76.18323,75.92855,0.297557838,0.30647,0.2987,0.29851,0.29874,866.526,136.335,494.646,948.423,123.649,1147.9,37.51118,118.88228,239.35135,96.62825,100.40263,116.40159,0.6237,0.50405,0.53377,0.53733,0.53558,137.86868,138.94872,122.94976,13.6
235,2.87809,4.42145,88.49477,4.2057,7.774263846,7.97016,7.78078,7.75509,7.76327,7.112192248,6.93847,7.16142,7.13089,7.12575,-0.76235,42.12050798,19.526,42.51924,42.48636,41.25346,0.295572765,0.63759,0.2928,0.29303,0.30179,3.38326165,1.56839,3.41529,3.41265,3.31362,198.2453446,179.96393,198.22896,198.23284,197.66951,163.1607671,154.74699,163.96692,163.81592,163.51454,76.40517516,68.88972,76.32956,76.3422,76.11339,0.297367676,0.30617,0.29851,0.29832,0.29852,872.094,137.134,496.473,951.552,124.412,1153.45,37.70875,115.81703,236.83338,93.96476,97.72121,113.72914,0.61305,0.50312,0.53158,0.5352,0.53336,138.01874,139.11217,123.10424,13.7
230,2.5937,4.42112,88.77979,4.20539,7.775861553,7.97309,7.78239,7.7567,7.7643,7.110728362,6.93591,7.15993,7.12941,7.12481,-0.76667,42.18679093,19.46588,42.56383,42.53095,41.41109,0.292204615,0.63327,0.28962,0.28984,0.29768,3.422259433,1.5791,3.45285,3.45018,3.35933,198.6184059,180.41419,198.60687,198.61032,198.10394,163.3135291,154.8985,164.11888,163.96806,163.69413,76.56011058,69.07768,76.48669,76.49916,76.29367,0.297177515,0.30588,0.29831,0.29812,0.2983,877.488,137.954,498.347,954.761,125.194,1158.79,37.89781,112.80089,234.3201,91.31221,95.05043,111.06775,0.60323,0.50217,0.5294,0.53308,0.53116,138.16254,139.26967,123.25235,13.8
225,2.33744,4.42081,89.03663,4.20511,7.777455567,7.97603,7.78401,7.7583,7.76538,7.10926844,6.93336,7.15844,7.12793,7.12382,-0.77121,42.2508671,19.40577,42.60561,42.57272,41.55674,0.288862119,0.62892,0.28646,0.28668,0.29369,3.461859255,1.59003,3.49093,3.48823,3.40499,198.9862824,180.86412,198.97941,198.98246,198.52741,163.4617259,155.04927,164.26611,164.11549,163.86649,76.71309494,69.26559,76.6418,76.65411,76.46963,0.296987353,0.30558,0.29811,0.29792,0.29808,882.735,138.796,500.271,958.055,125.997,1163.96,38.07927,109.83018,231.81155,88.67051,92.39017,108.41734,0.59414,0.50123,0.52724,0.53098,0.52897,138.30021,139.42138,123.39421,13.9
220,2.1065,4.42054,89.2681,4.20486,7.779045886,7.97896,7.78562,7.7599,7.76651,7.107812481,6.93081,7.15696,7.12646,7.12278,-0.77593,42.3127036,19.34565,42.64454,42.61166,41.69097,0.285544859,0.62454,0.28332,0.28354,0.2898,3.502076704,1.60117,3.52954,3.52682,3.45062,199.3489784,181.31372,199.34659,199.34926,198.94049,163.6053745,155.1993,164.40863,164.25823,164.03185,76.86412902,69.45346,76.7949,76.80704,76.6415,0.296797192,0.30529,0.29792,0.29773,0.29786,887.861,139.659,502.245,961.436,126.822,1168.98,38.25445,106.90143,229.30775,86.03956,89.74038,105.77782,0.58575,0.50027,0.5251,0.5289,0.5268,138.43185,139.56737,123.52993,14
215,1.8984,4.42029,89.47667,4.20464,7.780632509,7.9819,7.78723,7.7615,7.76768,7.106360482,6.92826,7.15548,7.12499,7.12171,-0.78083,42.37226819,19.28553,42.68061,42.64772,41.81433,0.282252414,0.62014,0.28021,0.28043,0.28602,3.542928063,1.61255,3.56871,3.56596,3.49628,199.7065008,181.76299,199.70841,199.71072,199.34365,163.7444934,155.3486,164.54647,164.3963,164.19046,77.01321449,69.64129,76.94598,76.95796,76.80948,0.29660703,0.30499,0.29772,0.29753,0.29765,892.888,140.546,504.272,964.908,127.668,1173.87,38.42407,104.01155,226.80875,83.41929,87.10096,103.14911,0.57798,0.49931,0.52297,0.52683,0.52464,138.55759,139.70779,123.65964,14.1
210,1.71086,4.42007,89.66464,4.20443,7.782215432,7.98484,7.78884,7.7631,7.76888,7.104912441,6.9257,7.15401,7.12353,7.12061,-0.78587,42.4295293,19.22541,42.71377,42.68088,41.92735,0.278984358,0.6157,0.27713,0.27734,0.28233,3.584430347,1.62416,3.60844,3.60566,3.54201,200.0588583,182.21194,200.06489,200.06685,199.73735,163.8791036,155.49716,164.67963,164.52972,164.3425,77.16035393,69.82908,77.09504,77.10688,76.97376,0.296416869,0.3047,0.29752,0.29733,0.29744,897.839,141.457,506.355,968.474,128.538,1178.65,38.58909,101.15779,224.31457,80.80962,84.47185,100.53113,0.57075,0.49834,0.52086,0.52478,0.52251,138.67752,139.84272,123.78344,14.2
205,1.54185,4.41986,89.83404,4.20424,7.783794653,7.98779,7.79044,7.76469,7.77012,7.103468357,6.92315,7.15253,7.12207,7.11947,-0.79105,42.48445607,19.16529,42.744,42.7111,42.03053,0.275740261,0.61124,0.27407,0.27428,0.27872,3.626601342,1.63601,3.64876,3.64595,3.58785,200.4060627,182.66055,200.41604,200.41766,200.12201,164.0092276,155.645,164.80815,164.65851,164.48819,77.30555095,70.01682,77.2421,77.25379,77.1345,0.296226708,0.3044,0.29732,0.29714,0.29723,902.732,142.393,508.495,972.139,129.431,1183.35,38.75031,98.33767,221.82526,78.21047,81.85297,97.92381,0.56403,0.49736,0.51876,0.52274,0.52038,138.79177,139.97229,123.90145,14.3
200,1.38954,4.41967,89.98671,4.20408,7.785370168,7.99073,7.79204,7.76627,7.77139,7.102028227,6.9206,7.15107,7.12062,7.11831,-0.79635,42.53701835,19.10517,42.77128,42.73838,42.12435,0.272519689,0.60676,0.27103,0.27124,0.27519,3.669459644,1.64811,3.68967,3.68683,3.63386,200.7481284,183.10884,200.76187,200.76318,200.498,164.1348903,155.79211,164.93206,164.78271,164.62769,77.44881015,70.20453,77.38715,77.3987,77.29186,0.296036546,0.30411,0.29713,0.29694,0.29702,907.586,143.355,510.695,975.905,130.349,1187.99,38.9083,95.54869,219.34085,75.62177,79.24424,95.32708,0.5578,0.49638,0.51668,0.52071,0.51827,138.90044,140.09661,124.01377,14.4
195,1.25229,4.4195,90.12428,4.20393,7.786941977,7.99368,7.79363,7.76786,7.77268,7.100592051,6.91805,7.14961,7.11917,7.11713,-0.80176,42.58718667,19.04505,42.79558,42.76267,42.20926,0.269322205,0.60224,0.26801,0.26822,0.27173,3.713024708,1.66047,3.73119,3.72832,3.68007,201.0850723,183.5568,201.1024,201.10341,200.86566,164.2561189,155.93851,165.05137,164.90233,164.76119,77.59013729,70.3922,77.5302,77.54162,77.44599,0.295846385,0.30381,0.29693,0.29674,0.29681,912.418,144.345,512.956,979.779,131.294,1192.57,39.06374,92.78896,216.86139,73.04346,76.64561,92.74086,0.55195,0.49539,0.51461,0.5187,0.51618,139.00366,140.21578,124.12053,14.5
190,1.12859,4.41935,90.24827,4.20379,7.788510075,7.99663,7.79522,7.76944,7.77399,7.099159825,6.91549,7.14815,7.11772,7.11593,-0.80727,42.63493233,18.98492,42.81686,42.78395,42.28572,0.266147367,0.59769,0.26502,0.26522,0.26835,3.757316895,1.6731,3.77335,3.77045,3.72654,201.4169147,184.00443,201.43765,201.43838,201.22532,164.3729427,156.08418,165.16612,165.01741,164.88884,77.7295392,70.57982,77.67126,77.68256,77.597,0.295656223,0.30352,0.29673,0.29655,0.29661,917.245,145.362,515.283,983.763,132.265,1197.12,39.21728,90.05652,214.38691,70.47545,74.05701,90.16509,0.54649,0.49438,0.51255,0.5167,0.51409,139.10149,140.3299,124.22182,14.6
185,1.01711,4.41921,90.36001,4.20367,7.790074462,7.99958,7.79681,7.77101,7.77533,7.097731549,6.91294,7.14669,7.11627,7.1147,-0.81286,42.68022735,18.9248,42.83512,42.8022,42.35414,0.262994733,0.59312,0.26204,0.26225,0.26502,3.802357516,1.686,3.81616,3.81322,3.77331,201.7436787,184.45173,201.76764,201.76811,201.57726,164.4853936,156.22914,165.27635,165.12798,165.01079,77.867024,70.7674,77.81033,77.82151,77.74502,0.295466062,0.30323,0.29654,0.29635,0.2964,922.081,146.41,517.677,987.863,133.265,1201.66,39.36945,87.34973,211.91746,67.9177,71.47837,87.59971,0.54136,0.49337,0.51051,0.51471,0.51202,139.19406,140.43909,124.31775,14.7
180,0.91665,4.41908,90.46071,4.20356,7.791635132,8.00254,7.79839,7.77259,7.77669,7.09630722,6.91039,7.14524,7.11483,7.11346,-0.81853,42.7230445,18.86467,42.85032,42.8174,42.41492,0.259863854,0.58852,0.25909,0.25929,0.26175,3.848168895,1.69919,3.85963,3.85667,3.82042,202.0653911,184.8987,202.09241,202.09263,201.92176,164.593506,156.37339,165.38208,165.23408,165.12719,78.00260107,70.95494,77.94743,77.9585,77.89015,0.2952759,0.30293,0.29634,0.29616,0.2962,926.943,147.488,520.142,992.084,134.294,1206.19,39.52069,84.66709,209.45309,65.37014,68.90965,85.04466,0.53653,0.49235,0.50848,0.51274,0.50996,139.28149,140.54344,124.40843,14.8
175,0.82611,4.41897,90.55146,4.20346,7.793192086,8.00549,7.79997,7.77416,7.77806,7.094886836,6.90784,7.14379,7.1134,7.11221,-0.82427,42.76335732,18.80454,42.86245,42.82953,42.46844,0.25675428,0.58388,0.25616,0.25636,0.25854,3.894774419,1.71267,3.9038,3.9008,3.86791,202.3820818,185.34534,202.41198,202.41197,202.25788,164.6973172,156.51692,165.48336,165.33574,165.23721,78.13628114,71.14245,78.08257,78.09353,78.03205,0.295085739,0.30264,0.29614,0.29596,0.29599,931.841,148.598,522.681,996.431,135.354,1210.74,39.67141,82.00703,206.99384,62.83271,66.35079,82.49989,0.53201,0.49132,0.50646,0.51077,0.50791,139.36386,140.64305,124.49395,14.9
170,0.74452,4.41886,90.63326,4.20337,7.79474532,8.00845,7.80155,7.77572,7.77945,7.093470395,6.90529,7.14235,7.11197,7.11094,-0.83007,42.80114012,18.74441,42.87149,42.83856,42.51504,0.253665556,0.57922,0.25325,0.25344,0.25537,3.942198603,1.72645,3.94868,3.94565,3.91585,202.6937848,185.79166,202.72639,202.72617,202.58833,164.7968673,156.65976,165.58023,165.43301,165.34301,78.26807639,71.3299,78.21576,78.22662,78.17175,0.294895578,0.30234,0.29594,0.29576,0.29579,936.791,149.742,525.296,1000.91,136.446,1215.3,39.82221,79.36845,204.53977,60.30536,63.80173,79.96533,0.52772,0.49028,0.50444,0.50881,0.50587,139.44128,140.73804,124.57444,15
165,0.67098,4.41877,90.70696,4.20329,7.796294832,8.01141,7.80312,7.77728,7.78085,7.092057896,6.90274,7.14091,7.11054,7.10966,-0.83592,42.83636797,18.68428,42.87741,42.84448,42.55507,0.250597226,0.57453,0.25036,0.25055,0.25225,3.990467152,1.74055,3.99429,3.99122,3.96426,203.0005376,186.23765,203.03568,203.03526,202.91202,164.8921993,156.80189,165.67273,165.52593,165.44363,78.39800052,71.51732,78.34701,78.35777,78.30886,0.294705416,0.30205,0.29575,0.29557,0.29559,941.804,150.922,527.992,1005.53,137.571,1219.91,39.97328,76.75005,202.09092,57.78805,61.26243,77.44095,0.52368,0.48923,0.50244,0.50687,0.50384,139.51384,140.82849,124.64997,15.1
160,0.60471,4.41868,90.77339,4.20321,7.797840619,8.01437,7.80469,7.77884,7.78226,7.090649337,6.90019,7.13947,7.10911,7.10837,-0.84181,42.86901676,18.62414,42.88021,42.84727,42.58881,0.247548831,0.56981,0.24748,0.24767,0.24918,4.039607033,1.75498,4.04066,4.03756,4.0132,203.3023823,186.68331,203.33988,203.33929,203.22916,164.9833596,156.94332,165.76091,165.61455,165.53921,78.52606882,71.7047,78.47634,78.48702,78.44343,0.294515255,0.30175,0.29555,0.29537,0.29539,946.894,152.138,530.772,1010.29,138.732,1224.57,40.12522,74.15102,199.64736,55.28072,58.73285,74.92669,0.51981,0.48817,0.50045,0.50493,0.50182,139.58165,140.91451,124.72067,15.2
155,0.54499,4.4186,90.83326,4.20315,7.799382678,8.01733,7.80626,7.7804,7.78368,7.089244716,6.89764,7.13804,7.10769,7.10707,-0.84775,42.89906317,18.56401,42.87985,42.84692,42.61656,0.244519908,0.56505,0.24463,0.24482,0.24614,4.089646549,1.76974,4.08782,4.08468,4.06272,203.5993651,187.12864,203.63906,203.6383,203.53994,165.070398,157.08406,165.84483,165.69892,165.62987,78.65229831,71.89204,78.60377,78.61436,78.57557,0.294325093,0.30146,0.29535,0.29517,0.29519,952.073,153.392,533.64,1015.2,139.929,1229.28,40.27821,71.57025,197.20913,52.78334,56.21294,72.42252,0.51616,0.4871,0.49847,0.503,0.49981,139.64479,140.99619,124.78661,15.3
150,0.49116,4.41853,90.88722,4.20309,7.800921008,8.0203,7.80782,7.78195,7.78511,7.08784403,6.89509,7.13662,7.10628,7.10576,-0.85372,42.92648466,18.50387,42.87634,42.8434,42.63857,0.241509993,0.56027,0.24179,0.24198,0.24314,4.14061542,1.78485,4.13578,4.1326,4.11284,203.8915367,187.57364,203.93326,203.93235,203.84455,165.1533678,157.2241,165.92453,165.77909,165.71572,78.7767078,72.07933,78.72931,78.73983,78.70533,0.294134932,0.30116,0.29515,0.29498,0.29499,957.352,154.687,536.599,1020.27,141.165,1234.07,40.4326,69.00699,194.77631,50.29586,53.70268,69.92839,0.51265,0.48601,0.49649,0.50107,0.4978,139.70339,141.07363,124.84792,15.4
145,0.44266,4.41846,90.93584,4.20304,7.802455606,8.02327,7.80937,7.78349,7.78655,7.086447279,6.89254,7.13519,7.10486,7.10445,-0.85972,42.95125956,18.44373,42.86965,42.83671,42.65508,0.238518616,0.55546,0.23897,0.23916,0.24017,4.192544864,1.80032,4.18458,4.18136,4.16363,204.1789531,188.01831,204.22253,204.22149,204.14316,165.232326,157.36346,166.00008,165.85512,165.79689,78.89931799,72.26658,78.85299,78.86344,78.83279,0.29394477,0.30087,0.29496,0.29478,0.29479,962.743,156.024,539.656,1025.5,142.441,1238.95,40.58887,66.46043,192.34894,47.81825,51.20202,67.44429,0.50931,0.48491,0.49452,0.49915,0.4958,139.7575,141.14692,124.90465,15.5
140,0.39894,4.4184,90.97967,4.20299,7.80398647,8.02624,7.81093,7.78504,7.78799,7.08505446,6.88998,7.13377,7.10345,7.10313,-0.86574,42.97336697,18.38359,42.85977,42.82683,42.6663,0.235545309,0.55061,0.23617,0.23635,0.23724,4.245467696,1.81617,4.23425,4.23099,4.21513,204.4616752,188.46265,204.50695,204.50579,204.43595,165.3073339,157.50212,166.07154,165.92708,165.87347,79.02015164,72.4538,78.97484,78.98522,78.95801,0.293754609,0.30057,0.29476,0.29458,0.29459,968.259,157.405,542.813,1030.91,143.759,1243.92,40.74717,63.92992,189.92711,45.35049,48.71095,64.97016,0.5061,0.4838,0.49255,0.49724,0.49381,139.80725,141.21616,124.95695,15.6
135,0.35954,4.41835,91.01916,4.20295,7.805513597,8.02921,7.81248,7.78658,7.78944,7.083665571,6.88743,7.13236,7.10205,7.10181,-0.87179,42.99278685,18.32345,42.8467,42.81374,42.67244,0.232589598,0.54573,0.23338,0.23356,0.23434,4.299418416,1.8324,4.28481,4.28151,4.26738,204.7397698,188.90667,204.78658,204.78532,204.72308,165.3784568,157.64011,166.13898,165.99503,165.9456,79.13923365,72.64097,79.09487,79.10519,79.08107,0.293564448,0.30028,0.29456,0.29439,0.29439,973.911,158.833,546.077,1036.5,145.122,1249,40.90793,61.41479,187.51087,42.89255,46.22943,62.50601,0.50303,0.48267,0.49059,0.49533,0.49182,139.85271,141.28144,125.00486,15.7
130,0.32403,4.4183,91.05476,4.20291,7.807036985,8.03218,7.81403,7.78812,7.7909,7.082280611,6.88488,7.13094,7.10065,7.10048,-0.87785,43.00949999,18.2633,42.83041,42.79745,42.67366,0.229651007,0.54082,0.23061,0.23079,0.23146,4.354433327,1.84904,4.3363,4.33297,4.32043,205.0133092,189.35036,205.0615,205.06015,205.00472,165.4457645,157.77741,166.20247,166.05905,166.01339,79.25659121,72.82809,79.21312,79.22339,79.20203,0.293374286,0.29998,0.29437,0.29419,0.29419,979.712,160.309,549.452,1042.28,146.531,1254.2,41.07141,58.91458,185.1003,40.44441,43.75746,60.05179,0.50004,0.48153,0.48863,0.49342,0.48983,139.89398,141.34284,125.04851,15.8
125,0.29203,4.41826,91.08683,4.20288,7.80855663,8.03516,7.81557,7.78965,7.79236,7.080899577,6.88233,7.12954,7.09925,7.09916,-0.88393,43.02348803,18.20315,42.8109,42.77794,42.67014,0.22672906,0.53588,0.22785,0.22803,0.22861,4.410550636,1.8661,4.38876,4.38538,4.37433,205.2823721,189.79372,205.33178,205.33037,205.28103,165.509332,157.91404,166.26208,166.11921,166.07695,79.37225396,73.01518,79.32961,79.33983,79.32095,0.293184125,0.29969,0.29417,0.29399,0.29399,985.672,161.837,552.945,1048.26,147.989,1259.52,41.23782,56.42868,182.69548,38.00605,41.29501,57.60751,0.49718,0.48037,0.48667,0.49152,0.48785,139.93115,141.40047,125.08797,15.9
120,0.26319,4.41822,91.11574,4.20285,7.810072532,8.03814,7.81711,7.79118,7.79382,7.079522468,6.87978,7.12813,7.09786,7.09782,-0.89002,43.03473344,18.143,42.78817,42.75521,42.66201,0.223823276,0.5309,0.22511,0.22529,0.22578,4.467810587,1.88358,4.44221,4.43879,4.42912,205.547044,190.23675,205.59752,205.59605,205.55216,165.5692388,158.04999,166.31791,166.17559,166.13639,79.48625408,73.20223,79.44439,79.45456,79.43788,0.292993963,0.29939,0.29397,0.2938,0.29379,991.807,163.418,556.56,1054.45,149.499,1264.99,41.40758,53.95674,180.29648,35.57747,38.84208,55.17314,0.49439,0.4792,0.48472,0.48962,0.48586,139.9643,141.4544,125.12334,16
115,0.23719,4.41818,91.1418,4.20283,7.811584688,8.04112,7.81865,7.7927,7.79529,7.078149281,6.87723,7.12673,7.09647,7.09649,-0.89611,43.04321958,18.08285,42.76221,42.72924,42.64943,0.220933171,0.52589,0.22239,0.22256,0.22297,4.526255585,1.90152,4.49671,4.49324,4.48485,205.8074171,190.67945,205.85881,205.8573,205.81829,165.6255701,158.18527,166.37003,166.22829,166.19186,79.59862655,73.38923,79.55748,79.56761,79.55291,0.292803802,0.2991,0.29377,0.2936,0.29359,998.129,165.056,560.305,1060.86,151.062,1270.62,41.58091,51.49833,177.9034,33.15866,36.39866,52.74869,0.49168,0.47801,0.48277,0.48771,0.48388,139.99353,141.50474,125.15471,16.1
110,0.21377,4.41814,91.16528,4.20281,7.813093095,8.0441,7.82018,7.79423,7.79675,7.076780015,6.87468,7.12533,7.09508,7.09515,-0.90222,43.04893064,18.0227,42.733,42.70003,42.6325,0.218058262,0.52085,0.21967,0.21984,0.22019,4.585930341,1.91993,4.55228,4.54876,4.54157,206.0635916,191.12182,206.11576,206.11422,206.07956,165.6784171,158.31988,166.41854,166.27739,166.24345,79.70940929,73.57619,79.66892,79.67903,79.66609,0.29261364,0.2988,0.29358,0.2934,0.2934,1004.65,166.754,564.187,1067.51,152.683,1276.41,41.75819,49.05306,175.51631,30.74961,33.96475,50.33415,0.48905,0.4768,0.48081,0.48581,0.4819,140.01892,141.55156,125.18216,16.2
105,0.19266,4.41811,91.18645,4.20279,7.81459775,8.04709,7.82171,7.79574,7.79822,7.075414669,6.87214,7.12394,7.0937,7.09382,-0.90833,43.05185169,17.96255,42.70056,42.66758,42.61133,0.215198061,0.51578,0.21697,0.21714,0.21742,4.646882022,1.93882,4.60896,4.60541,4.59933,206.3156754,191.56387,206.36847,206.36692,206.33615,165.7278768,158.45382,166.46355,166.323,166.29131,79.81864331,73.76312,79.77876,79.78884,79.77747,0.292423479,0.29851,0.29338,0.29321,0.2932,1011.39,168.515,568.213,1074.4,154.364,1282.39,41.93962,46.62069,173.13532,28.35035,31.54037,47.92954,0.48647,0.47557,0.47885,0.4839,0.47991,140.04056,141.59495,125.20578,16.3
100,0.17363,4.41808,91.20552,4.20277,7.816098654,8.05007,7.82323,7.79726,7.79969,7.07405324,6.86959,7.12255,7.09232,7.09248,-0.91443,43.05196867,17.90239,42.66486,42.63189,42.58603,0.212352078,0.51067,0.21428,0.21444,0.21468,4.709160421,1.95822,4.66682,4.66321,4.65819,206.5637852,192.00558,206.61707,206.61552,206.58823,165.7740528,158.5871,166.50516,166.36522,166.33556,79.92637298,73.95,79.88705,79.8971,79.88714,0.292233318,0.29821,0.29318,0.29301,0.293,1018.35,170.342,572.39,1081.56,156.108,1288.55,42.12556,44.20088,170.76051,25.96088,29.12553,45.53487,0.48396,0.47432,0.47689,0.48199,0.47792,140.05852,141.63498,125.22564,16.4
95,0.15648,4.41805,91.22271,4.20275,7.8175958,8.05306,7.82475,7.79877,7.80116,7.072695726,6.86704,7.12117,7.09095,7.09114,-0.92054,43.04926837,17.84223,42.62593,42.59294,42.55668,0.209519821,0.50552,0.2116,0.21176,0.21194,4.77281813,1.97815,4.72588,4.72223,4.71821,206.8080468,192.44697,206.86169,206.86015,206.83596,165.8170557,158.71973,166.54348,166.40416,166.37634,80.03264626,74.13683,79.99383,80.00386,79.99515,0.292043156,0.29792,0.29299,0.29281,0.2928,1025.56,172.24,576.728,1088.99,157.919,1294.93,42.31628,41.79341,168.392,23.58122,26.72024,43.15015,0.48149,0.47305,0.47493,0.48008,0.47593,140.07289,141.67176,125.24185,16.5
90,0.14103,4.41803,91.2382,4.20274,7.81908919,8.05605,7.82627,7.80028,7.80263,7.071342125,6.86449,7.11979,7.08958,7.08981,-0.92665,43.0437385,17.78207,42.58374,42.55075,42.52336,0.206700796,0.50035,0.20893,0.2091,0.20923,4.837910741,1.99862,4.78621,4.7825,4.77942,207.0485955,192.88803,207.10246,207.10095,207.07953,165.8570037,158.85169,166.57864,166.43996,166.41379,80.13751491,74.32363,80.09915,80.10917,80.10158,0.291852995,0.29762,0.29279,0.29262,0.29261,1033.03,174.212,581.235,1096.7,159.801,1301.53,42.51211,39.39806,166.02989,21.2114,24.32454,40.77541,0.47907,0.47176,0.47296,0.47816,0.47393,140.08376,141.70535,125.25448,16.6
85,0.1271,4.41801,91.25215,4.20274,7.820578819,8.05904,7.82778,7.80178,7.8041,7.069992436,6.86194,7.11841,7.08821,7.08847,-0.93276,43.03536761,17.7219,42.53831,42.50532,42.48615,0.203894506,0.49513,0.20628,0.20644,0.20653,4.904497045,2.01966,4.84785,4.84409,4.84191,207.2855776,193.32876,207.33955,207.33807,207.31912,165.8940227,158.983,166.61077,166.47273,166.44805,80.24103476,74.51038,80.20308,80.21309,80.20649,0.291662833,0.29733,0.29259,0.29242,0.29241,1040.78,176.262,585.922,1104.73,161.757,1308.37,42.7133,37.01465,163.67429,18.85145,21.93846,38.41069,0.47668,0.47045,0.47098,0.47623,0.47192,140.09121,141.73583,125.2636,16.7
80,0.11455,4.41799,91.26474,4.20272,7.822064685,8.06204,7.82929,7.80328,7.80557,7.068646657,6.85939,7.11704,7.08685,7.08714,-0.93886,43.02414516,17.66173,42.48963,42.45664,42.44511,0.201100451,0.48988,0.20363,0.20379,0.20384,4.972639268,2.04131,4.91086,4.90705,4.90572,207.5191501,193.76916,207.57311,207.57168,207.55492,165.9282473,159.11366,166.64,166.50262,166.4793,80.34326603,74.6971,80.30568,80.31568,80.30997,0.291472672,0.29703,0.29239,0.29222,0.29221,1048.82,178.395,590.798,1113.08,163.793,1315.46,42.92042,34.64308,161.32534,16.50141,19.56203,36.05603,0.47431,0.46911,0.46899,0.4743,0.4699,140.0953,141.76331,125.26931,16.8
75,0.10323,4.41797,91.27608,4.20272,7.823546788,8.06504,7.8308,7.80478,7.80704,7.067304785,6.85684,7.11567,7.08549,7.0858,-0.94495,43.01006147,17.60156,42.43771,42.40471,42.40029,0.198318131,0.4846,0.20099,0.20115,0.20117,5.042403312,2.06357,4.9753,4.97143,4.97092,207.7494825,194.20924,207.80331,207.80194,207.78714,165.9598212,159.24367,166.66649,166.52978,166.50768,80.44427364,74.88377,80.40701,80.41701,80.41208,0.29128251,0.29674,0.2922,0.29203,0.29201,1057.19,180.616,595.876,1121.78,165.913,1322.84,43.13359,32.28319,158.98315,14.16134,17.19532,33.71148,0.47198,0.46774,0.46699,0.47235,0.46788,140.09613,141.78783,125.27167,16.9
70,0.0930379,4.41795,91.2863,4.20271,7.825025122,8.06804,7.8323,7.80627,7.80851,7.065966819,6.85429,7.1143,7.08413,7.08447,-0.95104,42.99310776,17.54139,42.38255,42.34955,42.35176,0.195547041,0.47928,0.19836,0.19852,0.19851,5.113859026,2.08648,5.04124,5.03731,5.03757,207.9767568,194.64898,208.03035,208.02905,208.01599,165.988898,159.37304,166.69039,166.55436,166.53336,80.54412752,75.0704,80.50715,80.51715,80.51292,0.291092349,0.29644,0.292,0.29183,0.29182,1065.89,182.93,601.168,1130.84,168.123,1330.5,43.35318,29.93485,156.64786,11.8313,14.83837,31.3771,0.46967,0.46634,0.46498,0.47039,0.46584,140.09377,141.80949,125.27076,17
65,0.0838493,4.41794,91.29551,4.20271,7.826499688,8.07104,7.8338,7.80776,7.80998,7.064632757,6.85174,7.11294,7.08278,7.08314,-0.95712,42.97327613,17.48121,42.32417,42.29116,42.29956,0.192786675,0.47392,0.19574,0.1959,0.19586,5.187080498,2.11007,5.10873,5.10475,5.10576,208.2011691,195.0884,208.25443,208.25321,208.2417,166.0156416,159.50176,166.71188,166.57653,166.55654,80.64290301,75.25698,80.60617,80.61618,80.61257,0.290902188,0.29615,0.2918,0.29163,0.29162,1074.95,185.344,606.686,1140.29,170.427,1338.48,43.5797,27.59804,154.31961,9.51135,12.49126,29.05295,0.46736,0.46492,0.46296,0.46841,0.46378,140.0883,141.82835,125.26666,17.1
60,0.0755681,4.41792,91.3038,4.2027,7.827970483,8.07404,7.8353,7.80925,7.81144,7.063302597,6.84919,7.11158,7.08143,7.08181,-0.96319,42.95055958,17.42103,42.26255,42.22955,42.24373,0.190036523,0.46852,0.19313,0.19328,0.19322,5.262146374,2.13436,5.17785,5.17381,5.17555,208.4229303,195.52749,208.47576,208.47463,208.4645,166.040227,159.62985,166.73113,166.59648,166.57739,80.74068124,75.44353,80.70416,80.71417,80.71111,0.290712026,0.29585,0.2916,0.29144,0.29142,1084.39,187.864,612.446,1150.15,172.831,1346.79,43.8134,25.27266,151.99857,7.20157,10.15406,26.73911,0.46508,0.46346,0.46091,0.46642,0.46171,140.07979,141.84451,125.25946,17.2
55,0.0681047,4.41791,91.31128,4.2027,7.829437504,8.07705,7.83679,7.81073,7.8129,7.061976338,6.84664,7.11023,7.08009,7.08049,-0.96925,42.92495199,17.36085,42.19772,42.16471,42.18432,0.187296074,0.46309,0.19052,0.19067,0.19058,5.3391402,2.1594,5.24869,5.24458,5.24702,208.6422672,195.96625,208.69458,208.69355,208.68465,166.062842,159.75729,166.74834,166.61439,166.59613,80.83754963,75.63003,80.8012,80.81123,80.80866,0.290521865,0.29556,0.29141,0.29124,0.29123,1094.24,190.496,618.462,1160.45,175.343,1355.47,44.05482,22.95873,149.68487,4.90205,7.82685,24.43567,0.46279,0.46198,0.45885,0.46441,0.45962,140.0683,141.85802,125.2492,17.3
50,0.0613784,4.4179,91.31803,4.2027,7.830900749,8.08005,7.83828,7.81221,7.81436,7.060653977,6.8441,7.10888,7.07875,7.07916,-0.97531,42.89644811,17.30067,42.12969,42.09667,42.12138,0.184564815,0.45762,0.18792,0.18807,0.18796,5.418150806,2.18521,5.3213,5.31713,5.32025,208.8594241,196.40468,208.91115,208.91022,208.90241,166.083687,159.8841,166.76372,166.63047,166.61297,80.93360233,75.8165,80.89741,80.90745,80.90531,0.290331703,0.29526,0.29121,0.29104,0.29103,1104.54,193.247,624.753,1171.23,177.97,1364.53,44.30433,20.65624,147.37871,2.6129,5.50974,22.14273,0.4605,0.46045,0.45677,0.46238,0.45751,140.05392,141.86897,125.23598,17.4
45,0.0553165,4.41789,91.3241,4.2027,7.832360216,8.08306,7.83976,7.81368,7.81582,7.059335513,6.84155,7.10754,7.07741,7.07784,-0.98135,42.8650436,17.24048,42.05845,42.02544,42.05493,0.181842227,0.45211,0.18533,0.18548,0.18535,5.499272721,2.21183,5.39579,5.39156,5.39534,209.0746637,196.84278,209.12574,209.12492,209.11807,166.1029763,160.01028,166.77748,166.64495,166.62814,81.02894074,76.00292,80.99287,81.00293,81.00118,0.290141542,0.29497,0.29101,0.29085,0.29083,1115.3,196.127,631.336,1182.5,180.718,1374,44.56226,18.36516,145.08026,0.33421,3.20284,19.8604,0.45822,0.45889,0.45466,0.46033,0.45538,140.03674,141.87742,125.21986,17.5
40,0.0498532,4.41787,91.32957,4.2027,7.833815903,8.08608,7.84124,7.81515,7.81728,7.058020943,6.839,7.10619,7.07608,7.07652,-0.98738,42.83073498,17.18028,41.98404,41.95101,41.98501,0.179127792,0.44657,0.18274,0.18288,0.18274,5.582606625,2.2393,5.47225,5.46794,5.47237,209.288269,197.28055,209.33863,209.33793,209.33194,166.1209399,160.13583,166.78988,166.65805,166.64187,81.12367413,76.18929,81.08771,81.09779,81.09637,0.28995138,0.29467,0.29082,0.29065,0.29064,1126.57,199.143,638.232,1194.31,183.597,1383.92,44.82941,16.08559,142.7897,-1.93387,0.90627,17.5888,0.45591,0.45729,0.45253,0.45825,0.45322,140.01678,141.88343,125.2009,17.6
35,0.0449295,4.41787,91.3345,4.2027,7.835267809,8.08909,7.84272,7.81662,7.81874,7.056710265,6.83645,7.10486,7.07475,7.07521,-0.99339,42.7935197,17.12009,41.90644,41.87342,41.91167,0.176420987,0.44098,0.18016,0.1803,0.18013,5.668259852,2.26766,5.55076,5.54639,5.55145,209.5005447,197.718,209.55015,209.54957,209.54434,166.1378239,160.26075,166.80115,166.67005,166.65444,81.21792024,76.37563,81.18205,81.19214,81.19102,0.289761219,0.29438,0.29062,0.29045,0.29044,1138.37,202.306,645.462,1206.69,186.616,1394.31,45.10595,13.81754,140.50726,-4.19121,-1.37984,15.32806,0.45361,0.45565,0.45036,0.45614,0.45103,139.99417,141.8871,125.1792,17.7
30,0.040492,4.41786,91.33894,4.20271,7.836715928,8.09211,7.84419,7.81808,7.82019,7.055403479,6.8339,7.10352,7.07343,7.07389,-0.9994,42.75339603,17.05989,41.82569,41.79266,41.83494,0.173721287,0.43536,0.17757,0.17771,0.17754,5.756346932,2.29695,5.63144,5.62699,5.63269,209.7118188,198.15512,209.76063,209.76017,209.75561,166.1538923,160.38505,166.81158,166.6812,166.66612,81.31180602,76.56192,81.27601,81.28613,81.28527,0.289571058,0.29408,0.29042,0.29026,0.29024,1150.76,205.625,653.05,1219.68,189.784,1405.21,45.39261,11.56114,138.23314,-6.43767,-3.65533,13.07836,0.45128,0.45396,0.44817,0.454,0.44881,139.96892,141.88847,125.15478,17.8
25,0.0364927,4.41785,91.34296,4.20271,7.838160262,8.09512,7.84566,7.81954,7.82164,7.054100582,6.83135,7.10219,7.07211,7.07258,-1.00539,42.71036314,16.99968,41.74179,41.70876,41.75485,0.171028164,0.42969,0.175,0.17514,0.17494,5.8469902,2.32723,5.71439,5.70987,5.71618,209.9224452,198.59191,209.97044,209.97011,209.96615,166.1694283,160.50873,166.82145,166.69179,166.6772,81.40546838,76.74818,81.36974,81.37988,81.37925,0.289380896,0.29379,0.29022,0.29006,0.29005,1163.77,209.113,661.024,1233.34,193.113,1416.66,45.68989,9.31647,135.96758,-8.67305,-5.92004,10.83984,0.44893,0.45222,0.44594,0.45183,0.44655,139.94114,141.88762,125.12774,17.9
